Time(ms),TCP_x(mm),TCP_y(mm),TCP_z(mm),TCP_rx(mm),TCP_ry(mm),TCP_rz(mm),Robot_I(A)
0.0,258.9,5752.4,177.9,1.234,1.181,64.329,1.057
3.999,258.9,5752.4,177.9,1.234,1.181,64.329,1.057
8.001,258.9,5752.4,177.9,1.234,1.181,64.329,1.092
10.001,258.9,5752.4,177.9,1.234,1.181,64.329,1.092
11.998999999999999,258.9,5752.4,177.9,1.234,1.181,64.329,1.092
14.0,258.9,5752.4,177.9,1.234,1.181,64.329,1.092
16.0,258.9,5752.4,177.9,1.234,1.181,64.329,1.092
17.999000000000002,258.9,5752.4,177.9,1.234,1.181,64.329,1.056
20.0,258.9,5752.4,177.9,1.234,1.181,64.329,1.056
22.0,258.9,5752.4,177.9,1.234,1.181,64.329,1.056
26.0,258.9,5752.4,177.9,1.234,1.181,64.329,1.056
28.0,258.9,5752.4,177.9,1.234,1.181,64.329,1.056
31.999,258.9,5752.4,177.9,1.234,1.181,64.329,0.986
34.0,258.9,5752.4,177.9,1.234,1.181,64.329,0.986
36.0,258.9,5752.4,177.9,1.234,1.181,64.329,0.986
38.0,258.9,5752.4,177.9,1.234,1.181,64.329,0.986
40.0,258.9,5752.4,177.9,1.234,1.181,64.329,0.986
42.0,258.9,5752.4,177.9,1.234,1.181,64.329,0.986
44.0,258.9,5752.4,177.9,1.234,1.181,64.329,1.022
46.001,258.9,5752.4,177.9,1.234,1.181,64.329,1.022
50.001,258.9,5752.4,177.9,1.234,1.181,64.329,1.022
54.002,258.9,5752.4,177.9,1.234,1.181,64.329,1.022
56.001000000000005,258.9,5752.4,177.9,1.234,1.181,64.329,1.022
58.0,258.9,5752.4,177.9,1.234,1.181,64.329,1.057
60.0,258.9,5752.4,177.9,1.234,1.181,64.329,1.057
62.0,258.9,5752.4,177.9,1.234,1.181,64.329,1.057
64.001,258.9,5752.4,177.9,1.234,1.181,64.329,1.057
66.0,258.9,5752.4,177.9,1.234,1.181,64.329,1.057
68.0,258.9,5752.4,177.9,1.234,1.181,64.329,1.057
72.0,258.9,5752.4,177.9,1.234,1.181,64.329,1.092
76.0,258.9,5752.4,177.9,1.234,1.181,64.329,1.092
78.0,258.9,5752.4,177.9,1.234,1.181,64.329,1.092
82.0,258.9,5752.4,177.9,1.234,1.181,64.329,1.092
84.001,258.9,5752.4,177.9,1.234,1.181,64.329,0.916
86.002,258.9,5752.4,177.9,1.234,1.181,64.329,0.916
88.002,258.9,5752.4,177.9,1.234,1.181,64.329,0.916
90.002,258.9,5752.4,177.9,1.234,1.181,64.329,0.916
92.002,258.9,5752.4,177.9,1.234,1.181,64.329,0.916
94.0,258.9,5752.4,177.9,1.234,1.181,64.329,0.916
98.0,258.9,5752.4,177.9,1.234,1.181,64.329,0.986
102.00099999999999,258.9,5752.4,177.9,1.234,1.181,64.329,0.986
104.002,258.9,5752.4,177.9,1.234,1.181,64.329,0.986
106.002,258.9,5752.4,177.9,1.234,1.181,64.329,0.986
108.002,258.9,5752.4,177.9,1.234,1.181,64.329,1.021
110.003,258.9,5752.4,177.9,1.234,1.181,64.329,1.021
114.003,258.9,5752.4,177.9,1.234,1.181,64.329,1.021
116.003,258.9,5752.4,177.9,1.234,1.181,64.329,1.021
120.003,258.9,5752.4,177.9,1.234,1.181,64.329,1.022
124.003,258.9,5752.4,177.9,1.234,1.181,64.329,1.022
126.003,258.9,5752.4,177.9,1.234,1.181,64.329,1.022
128.00400000000002,258.9,5752.4,177.9,1.234,1.181,64.329,1.022
130.005,258.9,5752.4,177.9,1.234,1.181,64.329,1.022
132.00400000000002,258.9,5752.4,177.9,1.234,1.181,64.329,0.986
134.00400000000002,258.9,5752.4,177.9,1.234,1.181,64.329,0.986
136.00300000000001,258.9,5752.4,177.9,1.234,1.181,64.329,0.986
140.003,258.9,5752.4,177.9,1.234,1.181,64.329,0.986
142.003,258.9,5752.4,177.9,1.234,1.181,64.329,0.986
144.004,258.9,5752.4,177.9,1.234,1.181,64.329,1.057
148.004,258.9,5752.4,177.9,1.234,1.181,64.329,1.057
150.003,258.9,5752.4,177.9,1.234,1.181,64.329,1.057
154.004,258.9,5752.4,177.9,1.234,1.181,64.329,1.057
156.005,258.9,5752.4,177.9,1.234,1.181,64.329,1.057
158.005,258.9,5752.4,177.9,1.234,1.181,64.329,1.092
160.00400000000002,258.9,5752.4,177.9,1.234,1.181,64.329,1.092
162.00400000000002,258.9,5752.4,177.9,1.234,1.181,64.329,1.092
164.00400000000002,258.9,5752.4,177.9,1.234,1.181,64.329,1.092
168.004,258.9,5752.4,177.9,1.234,1.181,64.329,1.057
172.004,258.9,5752.4,177.9,1.234,1.181,64.329,1.057
174.004,258.9,5752.4,177.9,1.234,1.181,64.329,1.057
176.004,258.9,5752.4,177.9,1.234,1.181,64.329,1.057
178.004,258.9,5752.4,177.9,1.234,1.181,64.329,1.057
180.005,258.9,5752.4,177.9,1.234,1.181,64.329,1.057
182.005,258.9,5752.4,177.9,1.234,1.181,64.329,1.057
184.004,258.9,5752.4,177.9,1.234,1.181,64.329,1.057
186.004,258.9,5752.4,177.9,1.234,1.181,64.329,1.057
188.004,258.9,5752.4,177.9,1.234,1.181,64.329,1.057
190.00400000000002,258.9,5752.4,177.9,1.234,1.181,64.329,1.057
194.00400000000002,258.9,5752.4,177.9,1.234,1.181,64.329,1.057
198.00400000000002,258.9,5752.4,177.9,1.234,1.181,64.329,1.022
200.012,258.9,5752.4,177.9,1.234,1.181,64.329,1.022
202.004,258.9,5752.4,177.9,1.234,1.181,64.329,1.022
204.004,258.9,5752.4,177.9,1.234,1.181,64.329,1.022
206.012,258.9,5752.4,177.9,1.234,1.181,64.329,1.022
208.004,258.9,5752.4,177.9,1.234,1.181,64.329,1.092
210.004,258.9,5752.4,177.9,1.234,1.181,64.329,1.092
214.005,258.9,5752.4,177.9,1.234,1.181,64.329,1.092
216.008,258.9,5752.4,177.9,1.234,1.181,64.329,1.092
220.00400000000002,258.9,5752.4,177.9,1.234,1.181,64.329,0.951
222.00400000000002,258.9,5752.4,177.9,1.234,1.181,64.329,0.951
224.00400000000002,258.9,5752.4,177.9,1.234,1.181,64.329,0.951
226.00400000000002,258.9,5752.4,177.9,1.234,1.181,64.329,0.951
228.00400000000002,258.9,5752.4,177.9,1.234,1.181,64.329,0.951
230.004,258.9,5752.4,177.9,1.234,1.181,64.329,0.951
234.004,258.9,5752.4,177.9,1.234,1.181,64.329,1.022
236.004,258.9,5752.4,177.9,1.234,1.181,64.329,1.022
240.012,258.9,5752.4,177.9,1.234,1.181,64.329,1.022
242.004,258.9,5752.4,177.9,1.234,1.181,64.329,1.022
244.004,258.9,5752.4,177.9,1.234,1.181,64.329,0.986
246.005,258.9,5752.4,177.9,1.234,1.181,64.329,0.986
250.004,258.9,5752.4,177.9,1.234,1.181,64.329,0.986
252.00400000000002,258.9,5752.4,177.9,1.234,1.181,64.329,0.986
254.00400000000002,258.9,5752.4,177.9,1.234,1.181,64.329,0.986
256.005,258.9,5752.4,177.9,1.234,1.181,64.329,0.986
258.004,258.9,5752.4,177.9,1.234,1.181,64.329,1.021
260.001,258.9,5752.4,177.9,1.234,1.181,64.329,1.021
262.0,258.9,5752.4,177.9,1.234,1.181,64.329,1.021
264.001,258.9,5752.4,177.9,1.234,1.181,64.329,1.021
268.0,258.9,5752.4,177.9,1.234,1.181,64.329,1.021
270.001,258.9,5752.4,177.9,1.234,1.181,64.329,1.057
272.001,258.9,5752.4,177.9,1.234,1.181,64.329,1.057
276.001,258.9,5752.4,177.9,1.234,1.181,64.329,1.057
278.0,258.9,5752.4,177.9,1.234,1.181,64.329,1.057
280.0,258.9,5752.4,177.9,1.234,1.181,64.329,1.057
284.0,258.9,5752.4,177.9,1.234,1.181,64.329,0.951
286.0,258.9,5752.4,177.9,1.234,1.181,64.329,0.951
292.00100000000003,258.9,5752.4,177.9,1.234,1.181,64.329,0.951
294.0,258.9,5752.4,177.9,1.234,1.181,64.329,0.951
296.005,258.9,5752.4,177.9,1.234,1.181,64.329,1.092
298.0,258.9,5752.4,177.9,1.234,1.181,64.329,1.092
300.00100000000003,258.9,5752.4,177.9,1.234,1.181,64.329,1.092
302.0,258.9,5752.4,177.9,1.234,1.181,64.329,1.092
304.0,258.9,5752.4,177.9,1.234,1.181,64.329,1.092
306.0,258.9,5752.4,177.9,1.234,1.181,64.329,1.092
308.0,258.9,5752.4,177.9,1.234,1.181,64.329,1.057
310.0,258.9,5752.4,177.9,1.234,1.181,64.329,1.057
314.0,258.9,5752.4,177.9,1.234,1.181,64.329,1.057
316.0,258.9,5752.4,177.9,1.234,1.181,64.329,1.057
320.0,258.9,5752.4,177.9,1.234,1.181,64.329,1.021
322.0,258.9,5752.4,177.9,1.234,1.181,64.329,1.021
324.0,258.9,5752.4,177.9,1.234,1.181,64.329,1.021
326.0,258.9,5752.4,177.9,1.234,1.181,64.329,1.021
328.0,258.9,5752.4,177.9,1.234,1.181,64.329,1.021
330.0,258.9,5752.4,177.9,1.234,1.181,64.329,1.021
333.99899999999997,258.9,5752.4,177.9,1.234,1.181,64.329,1.128
338.001,258.9,5752.4,177.9,1.234,1.181,64.329,1.128
340.0,258.9,5752.4,177.9,1.234,1.181,64.329,1.128
342.0,258.9,5752.4,177.9,1.234,1.181,64.329,1.128
346.001,258.9,5752.4,177.9,1.234,1.181,64.329,1.057
348.0,258.9,5752.4,177.9,1.234,1.181,64.329,1.057
350.0,258.9,5752.4,177.9,1.234,1.181,64.329,1.057
352.0,258.9,5752.4,177.9,1.234,1.181,64.329,1.057
356.0,258.9,5752.4,177.9,1.234,1.181,64.329,1.057
360.0,258.9,5752.4,177.9,1.234,1.181,64.329,1.021
361.999,258.9,5752.4,177.9,1.234,1.181,64.329,1.021
364.0,258.9,5752.4,177.9,1.234,1.181,64.329,1.021
366.0,258.9,5752.4,177.9,1.234,1.181,64.329,1.021
368.0,258.9,5752.4,177.9,1.234,1.181,64.329,1.021
370.0,258.9,5752.4,177.9,1.234,1.181,64.329,1.022
372.0,258.9,5752.4,177.9,1.234,1.181,64.329,1.022
374.001,258.9,5752.4,177.9,1.234,1.181,64.329,1.022
376.0,258.9,5752.4,177.9,1.234,1.181,64.329,1.022
380.00899999999996,258.9,5752.4,177.9,1.234,1.181,64.329,1.022
384.001,258.9,5752.4,177.9,1.234,1.181,64.329,1.057
386.0,258.9,5752.4,177.9,1.234,1.181,64.329,1.057
388.001,258.9,5752.4,177.9,1.234,1.181,64.329,1.057
390.0,258.9,5752.4,177.9,1.234,1.181,64.329,1.057
391.99899999999997,258.9,5752.4,177.9,1.234,1.181,64.329,1.057
394.001,258.9,5752.4,177.9,1.234,1.181,64.329,1.057
396.002,258.9,5752.4,177.9,1.234,1.181,64.329,1.057
398.001,258.9,5752.4,177.9,1.234,1.181,64.329,1.057
400.0,258.9,5752.4,177.9,1.234,1.181,64.329,1.057
404.0,258.9,5752.4,177.9,1.234,1.181,64.329,1.057
408.0,258.9,5752.4,177.9,1.234,1.181,64.329,1.092
410.001,258.9,5752.4,177.9,1.234,1.181,64.329,1.092
412.0,258.9,5752.4,177.9,1.234,1.181,64.329,1.092
414.0,258.9,5752.4,177.9,1.234,1.181,64.329,1.092
416.0,258.9,5752.4,177.9,1.234,1.181,64.329,1.092
418.0,258.9,5752.4,177.9,1.234,1.181,64.329,1.092
420.0,258.9,5752.4,177.9,1.234,1.181,64.329,1.092
421.999,258.9,5752.4,177.9,1.234,1.181,64.329,0.951
426.00100000000003,258.9,5752.4,177.9,1.234,1.181,64.329,0.951
430.0,258.9,5752.4,177.9,1.234,1.181,64.329,0.951
431.999,258.9,5752.4,177.9,1.234,1.181,64.329,0.951
434.0,258.9,5752.4,177.9,1.234,1.181,64.329,1.021
436.0,258.9,5752.4,177.9,1.234,1.181,64.329,1.021
438.002,258.9,5752.4,177.9,1.234,1.181,64.329,1.021
440.0,258.9,5752.4,177.9,1.234,1.181,64.329,1.021
442.0,258.9,5752.4,177.9,1.234,1.181,64.329,1.021
444.0,258.9,5752.4,177.9,1.234,1.181,64.329,1.021
448.0,258.9,5752.4,177.9,1.234,1.181,64.329,1.092
451.99899999999997,258.9,5752.4,177.9,1.234,1.181,64.329,1.092
454.0,258.9,5752.4,177.9,1.234,1.181,64.329,1.092
456.009,258.9,5752.4,177.9,1.234,1.181,64.329,1.092
458.0,258.9,5752.4,177.9,1.234,1.181,64.329,0.987
460.0,258.9,5752.4,177.9,1.234,1.181,64.329,0.987
462.0,258.9,5752.4,177.9,1.234,1.181,64.329,0.987
464.001,258.9,5752.4,177.9,1.234,1.181,64.329,0.987
466.001,258.9,5752.4,177.9,1.234,1.181,64.329,0.987
468.0,258.9,5752.4,177.9,1.234,1.181,64.329,0.987
472.001,258.9,5752.4,177.9,1.234,1.181,64.329,1.092
476.0,258.9,5752.4,177.9,1.234,1.181,64.329,1.092
478.0,258.9,5752.4,177.9,1.234,1.181,64.329,1.092
480.002,258.9,5752.4,177.9,1.234,1.181,64.329,1.092
482.0,258.9,5752.4,177.9,1.234,1.181,64.329,1.092
484.0,258.9,5752.4,177.9,1.234,1.181,64.329,1.092
486.00100000000003,258.9,5752.4,177.9,1.234,1.181,64.329,1.092
488.0,258.9,5752.4,177.9,1.234,1.181,64.329,1.092
492.0,258.9,5752.4,177.9,1.234,1.181,64.329,1.092
494.00100000000003,258.9,5752.4,177.9,1.234,1.181,64.329,1.092
496.002,258.9,5752.4,177.9,1.234,1.181,64.329,0.986
500.0,258.9,5752.4,177.9,1.234,1.181,64.329,0.986
503.99899999999997,258.9,5752.4,177.9,1.234,1.181,64.329,0.986
506.00100000000003,258.9,5752.4,177.9,1.234,1.181,64.329,0.986
508.0,258.9,5752.4,177.9,1.234,1.181,64.329,1.092
510.0,258.9,5752.4,177.9,1.234,1.181,64.329,1.092
512.0,258.9,5752.4,177.9,1.234,1.181,64.329,1.092
514.0,258.9,5752.4,177.9,1.234,1.181,64.329,1.092
516.0010000000001,258.9,5752.4,177.9,1.234,1.181,64.329,1.092
520.0,258.9,5752.4,177.9,1.234,1.181,64.329,0.986
523.999,258.9,5752.4,177.9,1.234,1.181,64.329,0.986
526.0010000000001,258.9,5752.4,177.9,1.234,1.181,64.329,0.986
528.0010000000001,258.9,5752.4,177.9,1.234,1.181,64.329,0.986
530.0,258.9,5752.4,177.9,1.234,1.181,64.329,0.986
534.001,258.9,5752.4,177.9,1.234,1.181,64.329,1.022
536.0,258.9,5752.4,177.9,1.234,1.181,64.329,1.022
538.0,258.9,5752.4,177.9,1.234,1.181,64.329,1.022
540.0,258.9,5752.4,177.9,1.234,1.181,64.329,1.022
542.001,258.9,5752.4,177.9,1.234,1.181,64.329,1.022
546.0,258.9,5752.4,177.9,1.234,1.181,64.329,1.057
549.999,258.9,5752.4,177.9,1.234,1.181,64.329,1.057
552.0,258.9,5752.4,177.9,1.234,1.181,64.329,1.057
554.0,258.9,5752.4,177.9,1.234,1.181,64.329,1.057
556.0,258.9,5752.4,177.9,1.234,1.181,64.329,1.057
558.0,258.9,5752.4,177.9,1.234,1.181,64.329,1.057
560.001,258.9,5752.4,177.9,1.234,1.181,64.329,1.057
562.0,258.9,5752.4,177.9,1.234,1.181,64.329,1.057
564.001,258.9,5752.4,177.9,1.234,1.181,64.329,1.057
567.999,258.9,5752.4,177.9,1.234,1.181,64.329,1.057
572.001,258.9,5752.4,177.9,1.234,1.181,64.329,1.092
576.001,258.9,5752.4,177.9,1.234,1.181,64.329,1.092
578.0,258.9,5752.4,177.9,1.234,1.181,64.329,1.092
580.0,258.9,5752.4,177.9,1.234,1.181,64.329,1.092
582.0020000000001,258.9,5752.4,177.9,1.234,1.181,64.329,1.092
584.0,258.9,5752.4,177.9,1.234,1.181,64.329,1.057
586.001,258.9,5752.4,177.9,1.234,1.181,64.329,1.057
588.001,258.9,5752.4,177.9,1.234,1.181,64.329,1.057
590.0,258.9,5752.4,177.9,1.234,1.181,64.329,1.057
594.0,258.9,5752.4,177.9,1.234,1.181,64.329,1.057
596.0,258.9,5752.4,177.9,1.234,1.181,64.329,1.057
600.0,258.9,5752.4,177.9,1.234,1.181,64.329,0.916
602.0,258.9,5752.4,177.9,1.234,1.181,64.329,0.916
604.0,258.9,5752.4,177.9,1.234,1.181,64.329,0.916
606.0,258.9,5752.4,177.9,1.234,1.181,64.329,0.916
608.001,258.9,5752.4,177.9,1.234,1.181,64.329,0.916
610.001,258.9,5752.4,177.9,1.234,1.181,64.329,0.599
612.0,258.8,5752.4,177.9,1.234,1.181,64.329,0.599
616.0020000000001,258.8,5752.6,177.3,1.234,1.181,64.329,0.599
620.0,258.8,5752.6,177.3,1.234,1.181,64.329,0.599
622.0020000000001,258.8,5752.6,177.3,1.234,1.181,64.329,1.233
624.002,258.8,5752.6,177.3,1.234,1.181,64.329,1.233
626.002,258.8,5752.6,177.3,1.234,1.181,64.329,1.233
628.002,258.8,5752.6,177.0,1.234,1.181,64.329,1.233
630.002,258.8,5752.6,177.0,1.234,1.181,64.329,1.233
632.002,258.8,5752.6,177.0,1.234,1.18,64.329,1.233
634.002,258.8,5752.6,177.0,1.234,1.18,64.329,1.233
638.002,259.2,5752.6,177.0,1.234,1.18,64.329,1.374
642.002,259.2,5751.9,177.5,1.234,1.18,64.329,1.374
644.002,259.2,5751.9,177.5,1.233,1.18,64.329,1.374
646.002,259.2,5751.9,177.5,1.233,1.179,64.329,1.374
648.0010000000001,259.2,5751.9,177.5,1.233,1.179,64.329,1.374
650.0,259.2,5751.9,177.5,1.233,1.179,64.329,1.057
652.004,259.2,5751.7,177.5,1.233,1.179,64.329,1.057
654.002,259.2,5751.7,177.2,1.233,1.179,64.329,1.057
656.002,259.2,5751.7,177.2,1.233,1.179,64.329,1.057
660.003,259.2,5751.7,177.2,1.233,1.18,64.329,1.057
662.002,259.2,5751.7,177.2,1.233,1.18,64.329,1.162
664.003,259.2,5751.7,177.2,1.233,1.18,64.329,1.162
666.002,259.2,5751.8,177.2,1.233,1.18,64.329,1.162
668.002,259.2,5751.8,176.9,1.233,1.18,64.329,1.162
670.002,259.2,5751.8,176.9,1.233,1.18,64.329,1.162
672.002,259.2,5751.8,176.9,1.233,1.18,64.329,1.162
674.002,259.2,5751.8,176.9,1.233,1.18,64.329,1.162
676.002,259.2,5751.8,176.9,1.233,1.18,64.329,1.479
678.002,259.3,5751.8,176.9,1.233,1.18,64.329,1.479
680.002,259.3,5751.5,176.9,1.233,1.18,64.329,1.479
682.009,259.3,5751.5,177.4,1.233,1.18,64.329,1.479
686.0079999999999,259.3,5751.5,177.4,1.233,1.179,64.329,1.479
690.009,259.3,5751.5,177.4,1.233,1.179,64.329,1.303
692.0079999999999,259.1,5751.5,177.4,1.233,1.179,64.329,1.303
694.0079999999999,259.1,5751.4,177.4,1.233,1.179,64.329,1.303
696.0079999999999,259.1,5751.4,177.5,1.233,1.179,64.329,1.303
698.0079999999999,259.1,5751.4,177.5,1.233,1.179,64.329,1.303
700.0070000000001,259.1,5751.4,177.5,1.233,1.18,64.329,1.303
704.0079999999999,259.1,5751.4,177.5,1.233,1.18,64.329,1.303
708.0070000000001,258.9,5751.5,177.5,1.233,1.18,64.329,1.303
710.005,258.9,5751.5,177.5,1.233,1.18,64.329,1.303
714.0060000000001,258.9,5751.5,177.5,1.233,1.18,64.329,1.373
716.0060000000001,259.0,5751.5,177.5,1.233,1.18,64.329,1.373
718.0060000000001,259.0,5751.5,177.5,1.233,1.18,64.329,1.373
720.0060000000001,259.0,5751.5,177.7,1.233,1.18,64.329,1.373
722.0060000000001,259.0,5751.5,177.7,1.233,1.18,64.329,1.373
724.0060000000001,259.0,5751.5,177.7,1.233,1.179,64.329,1.373
728.0060000000001,259.0,5751.5,177.7,1.233,1.179,64.329,1.409
732.0060000000001,259.0,5751.4,177.7,1.233,1.179,64.329,1.409
734.0060000000001,259.0,5751.4,178.1,1.233,1.179,64.329,1.409
736.0060000000001,259.0,5751.4,178.1,1.232,1.179,64.329,1.409
738.0060000000001,259.0,5751.4,178.1,1.232,1.179,64.329,1.409
740.005,259.0,5751.4,178.1,1.232,1.179,64.329,1.409
742.001,259.0,5751.4,178.1,1.232,1.179,64.329,1.339
744.0,259.0,5751.4,178.1,1.232,1.179,64.329,1.339
746.0,259.0,5751.4,178.3,1.232,1.179,64.329,1.339
748.0,259.0,5751.4,178.3,1.232,1.179,64.329,1.339
752.001,259.0,5751.4,178.3,1.232,1.178,64.329,1.339
756.0010000000001,259.0,5751.4,178.3,1.232,1.178,64.329,1.197
758.0,259.0,5751.5,178.3,1.232,1.178,64.329,1.197
762.0,259.0,5751.5,178.6,1.232,1.178,64.329,1.197
764.003,259.0,5751.5,178.6,1.232,1.178,64.329,1.197
766.0,259.0,5751.5,178.6,1.232,1.178,64.329,1.233
768.0010000000001,258.9,5751.5,178.6,1.232,1.178,64.329,1.233
770.0010000000001,258.9,5751.5,178.6,1.232,1.178,64.329,1.233
772.0,258.9,5751.5,178.6,1.232,1.178,64.329,1.233
776.0,258.9,5751.5,178.6,1.232,1.178,64.329,1.233
778.0010000000001,258.9,5751.5,178.6,1.232,1.178,64.329,1.127
780.0010000000001,258.9,5751.5,178.6,1.232,1.178,64.329,1.127
782.0,258.9,5751.4,178.6,1.232,1.178,64.329,1.127
784.001,258.9,5751.4,178.7,1.232,1.178,64.329,1.127
786.0,258.9,5751.4,178.7,1.232,1.178,64.329,1.127
788.001,258.9,5751.4,178.7,1.232,1.178,64.329,1.127
790.0,258.9,5751.4,178.7,1.232,1.178,64.329,1.268
792.0,258.9,5751.4,178.7,1.232,1.178,64.329,1.268
794.001,258.9,5751.4,178.7,1.232,1.178,64.329,1.268
796.0,258.9,5751.4,178.8,1.232,1.178,64.329,1.268
800.001,258.9,5751.4,178.8,1.232,1.178,64.329,1.268
804.0,258.9,5751.4,178.8,1.232,1.178,64.329,1.092
805.999,258.9,5751.4,178.8,1.232,1.178,64.329,1.092
810.0,258.9,5751.5,179.1,1.232,1.178,64.329,1.092
811.999,258.9,5751.5,179.1,1.232,1.178,64.329,1.092
816.0,258.9,5751.5,179.1,1.232,1.178,64.329,0.986
818.001,258.9,5751.5,179.1,1.232,1.178,64.329,0.986
822.0,258.9,5751.5,179.2,1.232,1.178,64.329,0.986
826.001,258.9,5751.5,179.2,1.232,1.177,64.329,0.986
829.999,258.9,5751.5,179.2,1.232,1.177,64.329,0.951
834.0,258.9,5751.5,179.2,1.232,1.177,64.329,0.951
835.999,258.9,5751.5,179.2,1.232,1.177,64.329,0.951
838.0,258.9,5751.5,179.2,1.232,1.177,64.329,0.951
839.999,258.9,5751.5,179.2,1.232,1.177,64.329,0.951
842.0079999999999,258.9,5751.5,179.2,1.232,1.177,64.329,1.022
844.0,258.9,5751.5,179.2,1.232,1.177,64.329,1.022
846.0,258.9,5751.5,179.2,1.232,1.177,64.329,1.022
848.001,258.9,5751.5,179.2,1.232,1.177,64.329,1.022
852.0,258.9,5751.5,179.2,1.232,1.177,64.329,1.022
854.001,258.9,5751.5,179.2,1.232,1.177,64.329,1.022
856.0,258.9,5751.5,179.2,1.232,1.177,64.329,1.092
858.0,258.9,5751.5,179.2,1.232,1.177,64.329,1.092
860.001,258.9,5751.5,179.2,1.232,1.177,64.329,1.092
862.0,258.9,5751.5,179.2,1.232,1.177,64.329,1.092
864.0,258.9,5751.5,179.2,1.232,1.177,64.329,1.092
866.0,258.9,5751.5,179.2,1.232,1.177,64.329,1.092
870.0,258.9,5751.5,179.2,1.232,1.177,64.329,1.127
872.0,258.9,5751.5,179.2,1.232,1.177,64.329,1.127
874.0,258.9,5751.5,179.2,1.232,1.177,64.329,1.127
876.001,258.9,5751.5,179.1,1.232,1.177,64.329,1.127
878.0,258.9,5751.5,179.1,1.232,1.177,64.329,1.127
880.001,258.9,5751.5,179.1,1.232,1.177,64.329,1.127
882.0,258.9,5751.5,179.1,1.232,1.177,64.329,1.127
884.0010000000001,258.9,5751.5,179.1,1.232,1.177,64.329,0.986
886.002,258.9,5751.5,179.1,1.232,1.177,64.329,0.986
888.0010000000001,258.9,5751.5,179.1,1.232,1.177,64.329,0.986
890.005,258.9,5751.5,179.1,1.232,1.177,64.329,0.986
892.0,258.9,5751.5,179.1,1.232,1.177,64.329,0.986
896.0010000000001,258.9,5751.5,179.1,1.232,1.177,64.329,1.127
898.0,258.9,5751.5,179.1,1.232,1.177,64.329,1.127
900.0,258.9,5751.5,179.1,1.232,1.177,64.329,1.127
902.0,258.9,5751.5,179.1,1.232,1.177,64.329,1.127
904.0010000000001,258.9,5751.5,179.1,1.232,1.177,64.329,1.127
906.0,258.9,5751.5,179.1,1.232,1.177,64.329,1.127
908.0,258.9,5751.5,179.1,1.232,1.177,64.329,1.127
910.001,258.9,5751.5,179.1,1.232,1.177,64.329,1.092
912.002,258.9,5751.5,179.1,1.232,1.177,64.329,1.092
914.001,258.9,5751.5,179.1,1.232,1.177,64.329,1.092
918.0,258.9,5751.5,179.1,1.232,1.177,64.329,1.092
920.001,258.9,5751.5,179.1,1.232,1.177,64.329,1.092
924.0,258.9,5751.5,179.1,1.232,1.177,64.329,1.056
926.0,258.9,5751.5,179.1,1.232,1.177,64.329,1.056
928.0,258.9,5751.5,179.1,1.232,1.177,64.329,1.056
930.0,258.9,5751.5,179.1,1.232,1.177,64.329,1.056
932.0,258.9,5751.5,179.1,1.232,1.177,64.329,1.056
936.0,258.9,5751.5,179.1,1.232,1.177,64.329,1.057
938.0,258.9,5751.5,179.1,1.232,1.177,64.329,1.057
942.0,258.9,5751.5,179.1,1.232,1.177,64.329,1.057
944.0,258.9,5751.5,179.1,1.232,1.177,64.329,1.057
946.0,258.9,5751.5,179.1,1.232,1.177,64.329,1.057
948.0,258.9,5751.5,179.1,1.232,1.177,64.329,1.198
950.0,258.9,5751.5,179.1,1.232,1.177,64.329,1.198
952.0,258.9,5751.5,179.1,1.232,1.177,64.329,1.198
954.0,258.9,5751.5,179.1,1.232,1.177,64.329,1.198
956.0,258.9,5751.5,179.1,1.232,1.177,64.329,1.198
958.0,258.9,5751.5,179.1,1.232,1.178,64.329,1.198
960.0,258.9,5751.5,179.1,1.232,1.178,64.329,1.198
964.0,258.8,5751.5,179.1,1.232,1.178,64.329,1.409
966.0,258.8,5751.5,179.1,1.232,1.178,64.329,1.409
968.001,258.8,5751.5,179.1,1.232,1.178,64.329,1.409
970.0,258.8,5751.5,179.1,1.232,1.178,64.329,1.409
972.0,258.8,5751.5,179.1,1.232,1.178,64.329,1.409
973.9989999999999,258.8,5751.5,179.1,1.232,1.178,64.329,1.409
976.0,258.8,5751.5,179.1,1.232,1.178,64.329,1.057
980.001,258.8,5751.5,179.1,1.232,1.178,64.329,1.057
982.0,258.8,5751.5,179.1,1.232,1.178,64.329,1.057
984.0,258.8,5751.5,179.1,1.232,1.178,64.329,1.057
988.0,258.8,5751.5,179.1,1.232,1.178,64.329,1.092
990.0,258.8,5751.5,179.1,1.232,1.178,64.329,1.092
992.001,258.8,5751.5,179.1,1.232,1.178,64.329,1.092
994.001,258.8,5751.5,179.1,1.232,1.178,64.329,1.092
996.001,258.8,5751.5,179.1,1.232,1.178,64.329,1.092
998.0029999999999,258.8,5751.5,179.1,1.232,1.178,64.329,1.092
1000.005,258.8,5751.5,179.1,1.232,1.178,64.329,1.092
1002.0029999999999,258.8,5751.5,179.1,1.232,1.178,64.329,0.951
1004.006,258.9,5751.5,179.1,1.232,1.178,64.329,0.951
1006.001,258.9,5751.5,179.1,1.232,1.178,64.329,0.951
1010.0,258.9,5751.5,179.1,1.232,1.178,64.329,0.951
1014.001,258.9,5751.5,179.1,1.232,1.177,64.329,0.951
1016.001,258.9,5751.5,179.1,1.232,1.177,64.329,1.057
1018.0,258.9,5751.5,179.1,1.232,1.177,64.329,1.057
1020.0,258.9,5751.5,179.1,1.232,1.177,64.329,1.057
1022.001,258.9,5751.5,179.1,1.232,1.177,64.329,1.057
1024.0,258.9,5751.5,179.1,1.232,1.177,64.329,1.057
1026.001,258.9,5751.5,179.1,1.232,1.177,64.329,1.057
1028.0,258.9,5751.5,179.1,1.232,1.177,64.329,1.092
1030.001,258.9,5751.5,179.1,1.232,1.177,64.329,1.092
1034.0020000000002,258.9,5751.5,179.2,1.232,1.177,64.329,1.092
1038.0,258.9,5751.5,179.2,1.232,1.177,64.329,1.092
1042.0,258.9,5751.5,179.2,1.232,1.177,64.329,1.057
1044.0,258.9,5751.5,179.2,1.232,1.177,64.329,1.057
1046.001,258.9,5751.5,179.2,1.232,1.177,64.329,1.057
1048.001,258.9,5751.5,179.2,1.232,1.177,64.329,1.057
1050.0,258.9,5751.5,179.2,1.232,1.177,64.329,1.057
1052.0,258.9,5751.5,179.2,1.232,1.177,64.329,1.057
1056.001,258.9,5751.5,179.2,1.232,1.177,64.329,1.021
1058.0,258.9,5751.5,179.2,1.232,1.177,64.329,1.021
1060.0020000000002,258.9,5751.5,179.2,1.232,1.177,64.329,1.021
1062.0,258.9,5751.5,179.2,1.232,1.177,64.329,1.021
1064.002,258.9,5751.5,179.2,1.232,1.177,64.329,1.021
1066.002,258.9,5751.5,179.2,1.232,1.177,64.329,1.092
1068.002,258.9,5751.5,179.2,1.232,1.177,64.329,1.092
1070.002,258.9,5751.5,179.2,1.232,1.177,64.329,1.092
1072.002,258.9,5751.5,179.1,1.232,1.177,64.329,1.092
1074.002,258.9,5751.5,179.1,1.232,1.177,64.329,1.092
1078.002,258.9,5751.5,179.1,1.232,1.177,64.329,1.092
1082.0,258.9,5751.5,179.1,1.232,1.177,64.329,1.127
1084.001,258.9,5751.5,179.1,1.232,1.177,64.329,1.127
1086.002,258.9,5751.5,179.1,1.232,1.177,64.329,1.127
1088.002,258.9,5751.5,179.1,1.232,1.177,64.329,1.127
1090.002,258.9,5751.5,179.1,1.232,1.177,64.329,1.127
1092.002,258.9,5751.5,179.1,1.232,1.177,64.329,1.022
1094.002,258.9,5751.5,179.1,1.232,1.177,64.329,1.022
1098.002,258.9,5751.5,179.1,1.232,1.177,64.329,1.022
1102.0,258.9,5751.5,179.1,1.232,1.177,64.329,1.022
1104.0,258.9,5751.5,179.1,1.232,1.177,64.329,1.022
1106.002,258.9,5751.5,179.1,1.232,1.177,64.329,1.057
1108.002,258.9,5751.5,179.1,1.232,1.177,64.329,1.057
1110.002,258.9,5751.5,179.1,1.232,1.177,64.329,1.057
1112.002,258.9,5751.5,179.1,1.232,1.177,64.329,1.057
1114.009,258.9,5751.5,179.1,1.232,1.177,64.329,1.057
1116.012,258.9,5751.5,179.1,1.232,1.177,64.329,1.057
1118.0079999999998,258.9,5751.5,179.1,1.232,1.177,64.329,1.197
1120.0079999999998,258.9,5751.5,179.1,1.232,1.177,64.329,1.197
1124.0049999999999,258.9,5751.5,179.1,1.232,1.177,64.329,1.197
1128.0049999999999,258.9,5751.5,179.1,1.232,1.177,64.329,1.197
1130.0049999999999,258.9,5751.5,179.1,1.232,1.177,64.329,1.197
1132.0,258.9,5751.5,179.1,1.232,1.177,64.329,1.022
1134.0,258.9,5751.5,179.1,1.232,1.177,64.329,1.022
1136.0,258.9,5751.5,179.1,1.232,1.177,64.329,1.022
1138.0,258.9,5751.5,179.1,1.232,1.177,64.329,1.022
1142.0,258.9,5751.5,179.1,1.232,1.177,64.329,1.022
1144.001,258.9,5751.5,179.1,1.232,1.177,64.329,1.092
1146.0,258.9,5751.5,179.1,1.232,1.177,64.329,1.092
1150.0079999999998,258.9,5751.5,179.1,1.232,1.177,64.329,1.092
1152.0079999999998,258.9,5751.5,179.1,1.232,1.177,64.329,1.092
1154.0049999999999,258.9,5751.5,179.1,1.232,1.177,64.329,1.092
1156.0040000000001,258.9,5751.5,179.1,1.232,1.177,64.329,1.092
1158.0040000000001,258.9,5751.5,179.1,1.232,1.177,64.329,0.986
1160.0040000000001,258.9,5751.5,179.1,1.232,1.177,64.329,0.986
1162.0040000000001,258.9,5751.5,179.1,1.232,1.177,64.329,0.986
1164.0049999999999,258.9,5751.5,179.1,1.232,1.177,64.329,0.986
1166.0040000000001,258.9,5751.5,179.1,1.232,1.177,64.329,0.986
1168.0040000000001,258.9,5751.5,179.1,1.232,1.177,64.329,0.986
1170.0040000000001,258.9,5751.5,179.1,1.232,1.177,64.329,1.057
1174.0040000000001,258.9,5751.5,179.1,1.232,1.177,64.329,1.057
1176.0040000000001,258.9,5751.5,179.1,1.232,1.177,64.329,1.057
1178.0040000000001,258.9,5751.5,179.1,1.232,1.177,64.329,1.057
1180.0049999999999,258.9,5751.5,179.1,1.232,1.177,64.329,1.057
1182.0040000000001,258.9,5751.5,179.1,1.232,1.177,64.329,1.057
1184.0040000000001,258.9,5751.5,179.1,1.232,1.177,64.329,0.986
1186.0040000000001,258.9,5751.5,179.1,1.232,1.177,64.329,0.986
1188.0040000000001,258.9,5751.5,179.1,1.232,1.177,64.329,0.986
1192.0040000000001,258.9,5751.5,179.1,1.232,1.177,64.329,0.986
1194.0040000000001,258.9,5751.5,179.1,1.232,1.177,64.329,0.986
1198.0040000000001,258.9,5751.5,179.1,1.232,1.177,64.329,1.092
1200.0120000000002,258.9,5751.5,179.1,1.232,1.177,64.329,1.092
1202.0040000000001,258.9,5751.5,179.1,1.232,1.177,64.329,1.092
1204.0040000000001,258.9,5751.5,179.1,1.232,1.177,64.329,1.092
1206.0040000000001,258.9,5751.5,179.1,1.232,1.177,64.329,1.092
1208.005,258.9,5751.5,179.1,1.232,1.177,64.329,1.092
1212.0040000000001,258.9,5751.5,179.1,1.232,1.177,64.329,1.092
1214.0040000000001,258.9,5751.5,179.1,1.232,1.177,64.329,1.092
1216.0040000000001,258.9,5751.5,179.1,1.232,1.177,64.329,1.092
1218.0040000000001,258.9,5751.5,179.1,1.232,1.177,64.329,1.092
1220.0040000000001,258.9,5751.5,179.1,1.232,1.177,64.329,1.092
1222.0040000000001,258.9,5751.5,179.1,1.232,1.177,64.329,1.162
1224.0040000000001,258.9,5751.5,179.1,1.232,1.177,64.329,1.162
1226.0040000000001,258.9,5751.5,179.1,1.232,1.177,64.329,1.162
1228.0040000000001,258.9,5751.5,179.1,1.232,1.177,64.329,1.162
1230.0040000000001,258.9,5751.5,179.1,1.232,1.177,64.329,1.162
1232.0040000000001,258.9,5751.5,179.1,1.232,1.177,64.329,1.162
1234.0040000000001,258.9,5751.5,179.1,1.232,1.177,64.329,1.162
1236.0040000000001,258.9,5751.5,179.1,1.232,1.177,64.329,1.162
1238.0040000000001,258.9,5751.5,179.1,1.232,1.177,64.329,1.162
1242.003,258.9,5751.5,179.1,1.232,1.177,64.329,1.162
1246.01,258.9,5751.5,179.1,1.232,1.177,64.329,1.162
1248.004,258.9,5751.5,179.1,1.232,1.177,64.329,0.951
1250.004,258.9,5751.5,179.1,1.232,1.177,64.329,0.951
1252.004,258.9,5751.5,179.1,1.232,1.177,64.329,0.951
1254.004,258.9,5751.5,179.1,1.232,1.177,64.329,0.951
1256.004,258.9,5751.5,179.1,1.232,1.177,64.329,0.951
1258.004,258.9,5751.5,179.1,1.232,1.177,64.329,0.951
1260.004,258.9,5751.5,179.1,1.232,1.177,64.329,0.951
1262.004,258.9,5751.5,179.1,1.232,1.177,64.329,1.057
1264.004,258.9,5751.5,179.1,1.232,1.177,64.329,1.057
1268.004,258.9,5751.5,179.1,1.232,1.177,64.329,1.057
1272.004,258.9,5751.5,179.1,1.232,1.177,64.329,1.057
1274.004,258.9,5751.5,179.1,1.232,1.177,64.329,1.022
1276.004,258.9,5751.5,179.1,1.232,1.177,64.329,1.022
1278.004,258.9,5751.5,179.1,1.232,1.177,64.329,1.022
1280.004,258.9,5751.5,179.1,1.232,1.177,64.329,1.022
1282.004,258.9,5751.5,179.1,1.232,1.177,64.329,1.022
1284.004,258.9,5751.5,179.1,1.232,1.177,64.329,1.022
1286.004,258.9,5751.5,179.1,1.232,1.177,64.329,1.022
1290.004,258.9,5751.5,179.1,1.232,1.177,64.329,1.021
1292.004,258.9,5751.5,179.1,1.232,1.177,64.329,1.021
1294.004,258.9,5751.5,179.1,1.232,1.177,64.329,1.021
1296.004,258.9,5751.5,179.1,1.232,1.177,64.329,1.021
1298.004,258.9,5751.5,179.1,1.232,1.177,64.329,1.021
1300.005,258.9,5751.5,179.1,1.232,1.177,64.329,1.021
1302.004,258.9,5751.5,179.1,1.232,1.177,64.329,1.127
1304.004,258.9,5751.5,179.1,1.232,1.177,64.329,1.127
1306.005,258.9,5751.5,179.1,1.232,1.177,64.329,1.127
1308.008,258.9,5751.5,179.1,1.232,1.177,64.329,1.127
1310.004,258.9,5751.5,179.1,1.232,1.177,64.329,1.127
1314.004,258.9,5751.5,179.1,1.232,1.177,64.329,1.057
1318.004,258.9,5751.5,179.1,1.232,1.177,64.329,1.057
1320.004,258.9,5751.5,179.1,1.232,1.177,64.329,1.057
1322.003,258.9,5751.5,179.1,1.232,1.177,64.329,1.057
1324.004,258.9,5751.5,179.1,1.232,1.177,64.329,1.057
1326.005,258.9,5751.5,179.1,1.232,1.177,64.329,1.057
1328.004,258.9,5751.5,179.1,1.232,1.177,64.329,1.057
1330.004,258.9,5751.5,179.1,1.232,1.177,64.329,1.057
1332.004,258.9,5751.5,179.1,1.232,1.177,64.329,1.057
1336.004,258.9,5751.5,179.1,1.232,1.177,64.329,1.057
1338.004,258.9,5751.5,179.1,1.232,1.177,64.329,1.057
1342.004,258.9,5751.5,179.1,1.232,1.177,64.329,1.022
1344.004,258.9,5751.5,179.1,1.232,1.177,64.329,1.022
1346.004,258.9,5751.5,179.1,1.232,1.177,64.329,1.022
1348.004,258.9,5751.5,179.1,1.232,1.177,64.329,1.022
1350.004,258.9,5751.5,179.1,1.232,1.177,64.329,1.022
1352.004,258.9,5751.5,179.1,1.232,1.177,64.329,1.058
1354.004,258.9,5751.5,179.1,1.232,1.177,64.329,1.058
1358.004,258.9,5751.5,179.1,1.232,1.177,64.329,1.058
1362.004,258.9,5751.5,179.1,1.232,1.177,64.329,1.058
1364.004,258.9,5751.5,179.1,1.232,1.177,64.329,1.058
1366.004,258.9,5751.5,179.1,1.232,1.177,64.329,0.881
1368.004,258.9,5751.5,179.1,1.232,1.177,64.329,0.881
1370.004,258.9,5751.5,179.1,1.232,1.177,64.329,0.881
1372.004,258.9,5751.5,179.1,1.232,1.177,64.329,0.881
1374.004,258.9,5751.5,179.1,1.232,1.177,64.329,0.881
1376.0049999999999,258.9,5751.5,179.1,1.232,1.177,64.329,0.881
1378.004,258.9,5751.5,179.1,1.232,1.177,64.329,1.057
1380.004,258.9,5751.5,179.1,1.232,1.177,64.329,1.057
1384.0,258.9,5751.5,179.1,1.232,1.177,64.329,1.057
1386.0,258.9,5751.5,179.1,1.232,1.177,64.329,1.057
1388.0,258.9,5751.5,179.1,1.232,1.177,64.329,1.057
1390.001,258.9,5751.5,179.1,1.232,1.177,64.329,1.127
1394.001,258.9,5751.5,179.1,1.232,1.177,64.329,1.127
1396.001,258.9,5751.5,179.2,1.232,1.177,64.329,1.127
1398.0030000000002,258.9,5751.5,179.2,1.232,1.177,64.329,1.127
1400.0,258.9,5751.5,179.2,1.232,1.177,64.329,1.127
1404.0,258.9,5751.5,179.2,1.232,1.177,64.329,1.162
1406.0,259.0,5751.4,179.2,1.232,1.177,64.329,1.162
1408.0,259.0,5751.4,179.8,1.232,1.177,64.329,1.162
1410.0,259.0,5751.4,179.8,1.232,1.177,64.329,1.162
1412.0,259.0,5751.4,179.8,1.232,1.176,64.329,1.162
1414.001,259.0,5751.4,179.8,1.232,1.176,64.329,1.162
1416.0,259.0,5751.4,179.8,1.232,1.176,64.329,1.021
1418.0,259.0,5751.4,179.8,1.232,1.176,64.329,1.021
1420.0,259.0,5751.3,179.8,1.232,1.176,64.329,1.021
1422.001,259.0,5751.3,180.1,1.232,1.176,64.329,1.021
1426.003,259.0,5751.3,180.1,1.231,1.176,64.329,1.021
1430.002,258.9,5751.3,180.1,1.231,1.176,64.329,1.021
1432.001,258.9,5751.3,180.1,1.231,1.176,64.329,1.021
1434.003,258.9,5751.3,180.7,1.231,1.176,64.329,1.021
1436.003,258.9,5751.3,180.7,1.231,1.176,64.329,1.021
1438.003,258.9,5751.3,180.7,1.231,1.176,64.329,1.021
1440.003,258.9,5751.3,180.7,1.231,1.176,64.329,1.021
1442.003,258.9,5751.3,180.7,1.231,1.176,64.329,0.881
1444.003,258.6,5751.3,180.7,1.231,1.176,64.329,0.881
1448.002,258.6,5751.3,181.3,1.231,1.176,64.329,0.881
1452.0010000000002,258.6,5751.3,181.3,1.231,1.175,64.329,0.881
1454.002,258.6,5751.3,181.3,1.231,1.175,64.328,0.916
1458.003,258.6,5751.4,181.3,1.231,1.175,64.328,0.916
1460.003,258.6,5751.4,181.6,1.231,1.175,64.328,0.916
1462.003,258.6,5751.4,181.6,1.231,1.175,64.328,0.916
1464.0040000000001,258.6,5751.4,181.6,1.231,1.174,64.328,0.916
1466.003,258.6,5751.4,181.6,1.231,1.174,64.329,0.916
1468.003,258.6,5751.4,181.6,1.231,1.174,64.329,1.127
1472.001,258.6,5751.4,181.6,1.231,1.174,64.329,1.127
1474.008,258.6,5751.4,182.2,1.23,1.174,64.329,1.127
1478.008,258.6,5751.4,182.2,1.23,1.174,64.329,1.127
1480.008,258.6,5751.4,182.2,1.23,1.174,64.329,0.951
1482.008,258.6,5751.4,182.2,1.23,1.174,64.329,0.951
1484.008,258.6,5751.4,182.2,1.23,1.174,64.329,0.951
1488.008,258.6,5751.4,182.6,1.23,1.174,64.329,0.951
1490.008,258.6,5751.4,182.6,1.23,1.173,64.329,0.951
1492.005,258.6,5751.4,182.6,1.23,1.173,64.329,0.951
1496.0059999999999,258.5,5751.4,182.6,1.23,1.173,64.329,0.916
1500.005,258.5,5751.5,183.1,1.23,1.173,64.329,0.916
1502.005,258.5,5751.5,183.1,1.23,1.173,64.329,0.916
1504.005,258.5,5751.5,183.1,1.23,1.173,64.329,0.916
1506.003,258.5,5751.5,183.1,1.23,1.173,64.329,0.916
1508.0059999999999,258.5,5751.5,183.1,1.23,1.173,64.329,0.916
1510.0059999999999,258.5,5751.5,183.1,1.23,1.173,64.329,0.916
1512.007,258.5,5751.5,183.5,1.23,1.173,64.329,0.916
1514.007,258.5,5751.5,183.5,1.23,1.173,64.329,0.916
1516.0059999999999,258.5,5751.5,183.5,1.23,1.172,64.329,0.916
1520.007,258.5,5751.5,183.5,1.23,1.172,64.329,0.88
1524.005,258.5,5751.5,183.5,1.23,1.172,64.329,0.88
1526.005,258.5,5751.5,183.7,1.23,1.172,64.329,0.88
1528.006,258.5,5751.5,183.7,1.23,1.172,64.329,0.88
1530.006,258.5,5751.5,183.7,1.23,1.172,64.329,0.88
1532.0069999999998,258.5,5751.5,183.7,1.23,1.172,64.329,0.881
1534.006,258.5,5751.5,183.7,1.23,1.172,64.329,0.881
1536.006,258.5,5751.4,183.7,1.23,1.172,64.329,0.881
1538.006,258.5,5751.4,184.1,1.23,1.172,64.329,0.881
1540.006,258.5,5751.4,184.1,1.229,1.172,64.329,0.881
1544.0020000000002,258.5,5751.4,184.1,1.229,1.171,64.329,0.916
1546.006,258.6,5751.4,184.1,1.229,1.171,64.329,0.916
1550.006,258.6,5751.4,184.3,1.229,1.171,64.329,0.916
1552.006,258.6,5751.4,184.3,1.229,1.171,64.329,0.916
1554.008,258.6,5751.4,184.3,1.229,1.171,64.329,0.916
1556.006,258.6,5751.4,184.3,1.229,1.171,64.329,0.916
1558.006,258.6,5751.4,184.3,1.229,1.171,64.329,0.916
1560.006,258.6,5751.4,184.3,1.229,1.171,64.329,0.916
1562.006,258.6,5751.4,184.3,1.229,1.171,64.329,0.916
1564.008,258.6,5751.4,184.5,1.229,1.171,64.329,0.916
1568.006,258.6,5751.4,184.5,1.229,1.17,64.329,0.916
1570.006,258.6,5751.4,184.5,1.229,1.17,64.329,0.916
1572.005,258.6,5751.4,184.5,1.229,1.17,64.329,0.951
1574.005,258.6,5751.4,184.5,1.229,1.17,64.329,0.951
1576.006,258.6,5751.4,184.7,1.229,1.17,64.329,0.951
1578.006,258.6,5751.4,184.7,1.229,1.17,64.329,0.951
1580.006,258.6,5751.4,184.7,1.229,1.17,64.329,0.951
1582.006,258.6,5751.4,184.7,1.229,1.17,64.329,0.951
1584.0030000000002,258.6,5751.4,184.7,1.229,1.17,64.329,0.88
1586.0030000000002,258.6,5751.4,184.7,1.229,1.17,64.329,0.88
1588.0030000000002,258.6,5751.4,184.7,1.229,1.17,64.329,0.88
1592.006,258.6,5751.4,184.7,1.229,1.17,64.329,0.88
1594.007,258.6,5751.4,184.7,1.229,1.17,64.329,0.88
1596.006,258.6,5751.4,184.7,1.229,1.17,64.329,0.88
1600.007,258.6,5751.4,184.7,1.229,1.17,64.329,0.81
1602.006,258.6,5751.3,184.7,1.229,1.17,64.329,0.81
1604.004,258.6,5751.3,184.9,1.229,1.17,64.329,0.81
1606.006,258.6,5751.3,184.9,1.229,1.17,64.329,0.81
1610.007,258.6,5751.3,184.9,1.229,1.17,64.329,0.916
1612.006,258.5,5751.3,184.9,1.229,1.17,64.329,0.916
1614.0030000000002,258.5,5751.3,184.9,1.229,1.17,64.329,0.916
1618.007,258.5,5751.3,185.0,1.229,1.17,64.329,0.916
1620.006,258.5,5751.3,185.0,1.229,1.17,64.329,0.916
1622.006,258.5,5751.3,185.0,1.229,1.17,64.329,0.916
1624.007,258.5,5751.3,185.0,1.229,1.17,64.329,0.951
1626.006,258.6,5751.3,185.0,1.229,1.17,64.329,0.951
1630.006,258.6,5751.3,185.0,1.229,1.17,64.329,0.951
1632.007,258.6,5751.3,185.0,1.229,1.17,64.329,0.951
1636.006,258.6,5751.3,185.0,1.229,1.17,64.329,0.881
1640.007,258.6,5751.3,185.0,1.229,1.17,64.329,0.881
1642.006,258.6,5751.3,185.1,1.229,1.17,64.329,0.881
1644.0049999999999,258.6,5751.3,185.1,1.229,1.17,64.329,0.881
1646.0049999999999,258.6,5751.3,185.1,1.229,1.17,64.329,0.881
1648.007,258.6,5751.3,185.1,1.229,1.17,64.329,0.881
1652.0079999999998,258.5,5751.3,185.1,1.229,1.17,64.329,0.881
1654.003,258.5,5751.3,185.2,1.229,1.17,64.329,0.881
1656.003,258.5,5751.3,185.2,1.229,1.17,64.329,0.881
1658.006,258.5,5751.3,185.2,1.229,1.169,64.329,0.881
1660.006,258.5,5751.3,185.2,1.229,1.169,64.329,0.881
1662.006,258.5,5751.3,185.2,1.229,1.169,64.329,0.881
1664.007,258.6,5751.3,185.2,1.229,1.169,64.329,0.881
1666.0,258.6,5751.2,185.2,1.229,1.169,64.329,0.881
1668.001,258.6,5751.2,185.2,1.229,1.169,64.329,0.881
1670.001,258.6,5751.2,185.2,1.229,1.169,64.329,0.881
1672.0,258.6,5751.2,185.2,1.229,1.169,64.329,0.881
1674.0,258.6,5751.2,185.2,1.229,1.169,64.329,0.881
1676.0,258.6,5751.2,185.2,1.229,1.169,64.329,0.951
1678.001,258.6,5751.2,185.2,1.229,1.169,64.329,0.951
1682.008,258.6,5751.2,185.3,1.229,1.169,64.329,0.951
1684.008,258.6,5751.2,185.3,1.229,1.169,64.329,0.951
1686.008,258.6,5751.2,185.3,1.229,1.169,64.329,0.951
1688.0059999999999,258.6,5751.2,185.3,1.229,1.169,64.329,0.881
1690.007,258.6,5751.2,185.3,1.229,1.169,64.329,0.881
1692.007,258.6,5751.2,185.3,1.229,1.169,64.329,0.881
1694.007,258.6,5751.2,185.3,1.229,1.169,64.329,0.881
1698.0010000000002,258.6,5751.2,185.3,1.229,1.169,64.329,0.881
1700.007,258.6,5751.2,185.3,1.229,1.169,64.329,0.881
1702.009,258.6,5751.2,185.3,1.229,1.169,64.329,0.951
1706.0059999999999,258.6,5751.2,185.3,1.229,1.169,64.329,0.951
1708.007,258.6,5751.2,185.4,1.229,1.169,64.329,0.951
1712.0059999999999,258.6,5751.2,185.4,1.229,1.169,64.329,0.951
1714.005,258.6,5751.2,185.4,1.229,1.169,64.329,0.951
1716.005,258.6,5751.2,185.4,1.229,1.169,64.329,1.022
1718.007,258.6,5751.2,185.4,1.229,1.169,64.329,1.022
1720.007,258.6,5751.2,185.4,1.229,1.169,64.329,1.022
1724.008,258.6,5751.2,185.4,1.229,1.169,64.329,1.022
1728.007,258.6,5751.2,185.4,1.229,1.169,64.329,0.986
1730.005,258.6,5751.2,185.4,1.229,1.169,64.329,0.986
1732.0040000000001,258.6,5751.2,185.4,1.229,1.169,64.329,0.986
1734.005,258.6,5751.2,185.5,1.229,1.169,64.329,0.986
1736.007,258.6,5751.2,185.5,1.229,1.169,64.329,0.986
1738.003,258.6,5751.2,185.5,1.229,1.169,64.329,0.986
1740.009,258.6,5751.2,185.5,1.229,1.169,64.329,0.915
1742.0059999999999,258.6,5751.2,185.5,1.229,1.169,64.329,0.915
1744.0059999999999,258.6,5751.2,185.5,1.229,1.169,64.329,0.915
1746.0059999999999,258.6,5751.2,185.5,1.229,1.169,64.329,0.915
1750.007,258.6,5751.2,185.5,1.229,1.169,64.329,0.915
1752.0059999999999,258.6,5751.2,185.5,1.229,1.169,64.329,0.915
1754.005,258.6,5751.2,185.5,1.229,1.169,64.329,0.88
1756.0059999999999,258.6,5751.2,185.5,1.229,1.169,64.329,0.88
1758.005,258.6,5751.2,185.5,1.229,1.169,64.329,0.88
1760.0059999999999,258.6,5751.2,185.6,1.229,1.169,64.329,0.88
1762.007,258.6,5751.2,185.6,1.229,1.169,64.329,0.88
1764.0059999999999,258.6,5751.2,185.6,1.229,1.169,64.329,0.88
1766.0059999999999,258.6,5751.2,185.6,1.229,1.169,64.329,0.881
1768.005,258.6,5751.2,185.6,1.229,1.169,64.329,0.881
1770.003,258.6,5751.2,185.6,1.229,1.169,64.329,0.881
1774.008,258.6,5751.2,185.6,1.229,1.169,64.329,0.881
1778.005,258.6,5751.2,185.6,1.229,1.169,64.329,0.881
1780.006,258.6,5751.2,185.6,1.229,1.169,64.329,0.916
1784.006,258.6,5751.2,185.6,1.229,1.169,64.329,0.916
1786.005,258.6,5751.2,185.7,1.229,1.169,64.329,0.916
1788.006,258.6,5751.2,185.7,1.229,1.169,64.329,0.916
1792.006,258.6,5751.2,185.7,1.229,1.169,64.329,0.881
1796.006,258.6,5751.2,185.7,1.229,1.169,64.329,0.881
1800.005,258.6,5751.2,185.7,1.228,1.169,64.329,0.881
1802.005,258.6,5751.2,185.7,1.228,1.169,64.329,0.881
1804.006,258.6,5751.2,185.7,1.228,1.169,64.329,0.881
1806.006,258.6,5751.2,185.7,1.228,1.169,64.329,0.81
1808.0069999999998,258.6,5751.2,185.7,1.228,1.169,64.329,0.81
1810.0069999999998,258.6,5751.2,185.7,1.228,1.169,64.329,0.81
1812.006,258.6,5751.2,185.7,1.228,1.169,64.329,0.81
1814.003,258.6,5751.2,185.7,1.228,1.169,64.329,0.81
1816.006,258.6,5751.2,185.7,1.228,1.169,64.329,0.81
1820.006,258.6,5751.2,185.7,1.228,1.169,64.329,0.881
1822.006,258.6,5751.2,185.7,1.228,1.169,64.329,0.881
1824.006,258.6,5751.2,185.7,1.228,1.169,64.329,0.881
1828.005,258.6,5751.2,185.7,1.228,1.169,64.329,0.881
1830.0030000000002,258.6,5751.2,185.7,1.228,1.169,64.329,0.74
1832.006,258.6,5751.2,185.7,1.228,1.169,64.329,0.74
1834.006,258.6,5751.2,185.7,1.228,1.169,64.329,0.74
1836.006,258.6,5751.2,185.7,1.228,1.169,64.329,0.74
1838.0069999999998,258.6,5751.2,185.7,1.228,1.169,64.329,0.74
1842.006,258.6,5751.2,185.7,1.228,1.169,64.329,0.74
1846.007,258.6,5751.2,185.7,1.228,1.169,64.329,0.845
1848.007,258.6,5751.2,185.7,1.228,1.169,64.329,0.845
1850.0049999999999,258.6,5751.2,185.7,1.228,1.169,64.329,0.845
1852.006,258.6,5751.2,185.7,1.228,1.169,64.329,0.845
1854.007,258.6,5751.2,185.7,1.228,1.169,64.329,0.845
1856.006,258.6,5751.2,185.7,1.228,1.169,64.329,0.846
1858.006,258.6,5751.2,185.7,1.228,1.169,64.329,0.846
1860.006,258.6,5751.2,185.7,1.228,1.169,64.329,0.846
1862.0030000000002,258.6,5751.2,185.7,1.228,1.169,64.329,0.846
1866.0049999999999,258.6,5751.2,185.7,1.228,1.169,64.329,0.846
1868.006,258.6,5751.2,185.7,1.228,1.169,64.329,0.881
1870.006,258.6,5751.2,185.7,1.228,1.169,64.329,0.881
1872.007,258.6,5751.2,185.7,1.228,1.169,64.329,0.881
1874.006,258.6,5751.2,185.7,1.228,1.169,64.329,0.881
1876.006,258.6,5751.2,185.7,1.228,1.169,64.329,0.881
1878.006,258.6,5751.2,185.7,1.228,1.169,64.329,0.881
1880.006,258.6,5751.2,185.7,1.228,1.169,64.329,0.881
1884.006,258.6,5751.2,185.7,1.228,1.169,64.329,0.88
1888.0049999999999,258.6,5751.2,185.7,1.228,1.169,64.329,0.88
1892.0049999999999,258.6,5751.2,185.7,1.228,1.169,64.329,0.88
1894.0049999999999,258.6,5751.2,185.7,1.228,1.169,64.329,0.88
1896.006,258.6,5751.2,185.7,1.228,1.169,64.329,0.846
1898.006,258.6,5751.2,185.7,1.228,1.169,64.329,0.846
1900.007,258.6,5751.2,185.7,1.228,1.169,64.329,0.846
1902.006,258.6,5751.2,185.7,1.228,1.169,64.329,0.846
1904.006,258.6,5751.2,185.7,1.228,1.169,64.329,0.846
1908.006,258.6,5751.2,185.7,1.228,1.169,64.329,0.986
1912.0049999999999,258.6,5751.2,185.7,1.228,1.169,64.329,0.986
1916.0049999999999,258.6,5751.2,185.7,1.228,1.169,64.329,0.986
1918.006,258.6,5751.2,185.7,1.228,1.169,64.329,0.986
1920.006,258.6,5751.2,185.7,1.228,1.169,64.329,0.81
1922.006,258.6,5751.2,185.7,1.228,1.169,64.329,0.81
1924.007,258.6,5751.2,185.7,1.228,1.169,64.329,0.81
1926.006,258.6,5751.2,185.7,1.228,1.169,64.329,0.81
1928.0049999999999,258.6,5751.2,185.7,1.228,1.169,64.329,0.81
1930.003,258.6,5751.2,185.7,1.228,1.169,64.329,0.81
1934.0049999999999,258.6,5751.2,185.7,1.228,1.169,64.329,0.881
1936.0,258.6,5751.2,185.7,1.228,1.169,64.329,0.881
1938.0,258.6,5751.2,185.7,1.228,1.169,64.329,0.881
1940.001,258.6,5751.2,185.7,1.228,1.169,64.329,0.881
1942.0,258.6,5751.2,185.7,1.228,1.169,64.329,0.881
1946.0010000000002,258.6,5751.2,185.7,1.228,1.169,64.329,0.845
1948.002,258.6,5751.2,185.7,1.228,1.169,64.329,0.845
1952.0,258.6,5751.2,185.7,1.228,1.169,64.329,0.845
1954.0,258.6,5751.2,185.7,1.228,1.169,64.329,0.845
1956.0,258.6,5751.2,185.7,1.228,1.169,64.329,0.845
1958.0,258.6,5751.2,185.7,1.228,1.169,64.329,0.81
1960.0010000000002,258.6,5751.2,185.7,1.228,1.169,64.329,0.81
1962.0010000000002,258.6,5751.2,185.7,1.228,1.169,64.329,0.81
1964.0,258.6,5751.2,185.7,1.228,1.169,64.329,0.81
1966.0010000000002,258.6,5751.2,185.7,1.228,1.169,64.329,0.81
1968.001,258.6,5751.2,185.7,1.228,1.169,64.329,0.81
1970.0,258.6,5751.2,185.7,1.228,1.169,64.329,0.81
1972.001,258.6,5751.2,185.7,1.228,1.169,64.329,0.881
1974.0,258.6,5751.2,185.7,1.228,1.169,64.329,0.881
1976.001,258.6,5751.2,185.7,1.228,1.169,64.329,0.881
1978.0,258.6,5751.2,185.7,1.228,1.169,64.329,0.881
1982.001,258.6,5751.2,185.7,1.228,1.169,64.329,0.881
1986.001,258.6,5751.2,185.7,1.228,1.169,64.329,0.916
1988.0,258.6,5751.2,185.7,1.228,1.169,64.329,0.916
1990.0,258.6,5751.2,185.7,1.228,1.169,64.329,0.916
1992.001,258.6,5751.2,185.7,1.228,1.169,64.329,0.916
1994.0,258.6,5751.2,185.7,1.228,1.169,64.329,0.916
1996.0,258.6,5751.2,185.7,1.228,1.169,64.329,0.951
1998.0,258.6,5751.2,185.7,1.228,1.169,64.329,0.951
2000.0010000000002,258.6,5751.2,185.7,1.228,1.169,64.329,0.951
2002.001,258.6,5751.2,185.8,1.228,1.169,64.329,0.951
2004.007,258.6,5751.2,185.8,1.228,1.169,64.329,0.951
2006.001,258.6,5751.2,185.8,1.228,1.169,64.329,0.951
2009.999,258.6,5751.2,185.8,1.228,1.169,64.329,0.845
2011.9989999999998,258.6,5751.2,185.8,1.228,1.169,64.329,0.845
2016.002,258.6,5751.2,185.8,1.228,1.169,64.329,0.845
2018.004,258.6,5751.2,185.8,1.228,1.169,64.329,0.845
2020.002,258.6,5751.2,185.8,1.228,1.169,64.329,0.845
2022.0020000000002,258.6,5751.2,185.8,1.228,1.169,64.329,0.845
2024.003,258.6,5751.2,185.8,1.228,1.169,64.329,0.845
2026.005,258.6,5751.2,185.8,1.228,1.169,64.329,0.845
2028.0040000000001,258.6,5751.2,185.8,1.228,1.169,64.329,0.845
2032.0049999999999,258.6,5751.2,185.8,1.228,1.169,64.329,0.845
2034.0020000000002,258.6,5751.2,185.8,1.228,1.169,64.329,0.845
2036.002,258.6,5751.2,185.8,1.228,1.169,64.329,0.811
2038.001,258.6,5751.2,185.8,1.228,1.169,64.329,0.811
2040.002,258.6,5751.2,185.8,1.228,1.169,64.329,0.811
2042.001,258.6,5751.2,185.8,1.228,1.169,64.329,0.811
2044.0010000000002,258.6,5751.2,185.8,1.228,1.169,64.329,0.811
2046.0029999999997,258.6,5751.2,185.8,1.228,1.169,64.329,0.811
2048.0040000000004,258.6,5751.2,185.8,1.228,1.169,64.329,0.811
2052.002,258.6,5751.2,185.8,1.228,1.169,64.329,0.846
2056.002,258.6,5751.2,185.8,1.228,1.169,64.329,0.846
2058.0009999999997,258.6,5751.2,185.8,1.228,1.169,64.329,0.846
2060.002,258.6,5751.2,185.8,1.228,1.169,64.329,0.951
2062.0009999999997,258.6,5751.2,185.8,1.228,1.169,64.329,0.951
2064.002,258.6,5751.2,185.8,1.228,1.169,64.329,0.951
2066.002,258.6,5751.2,185.8,1.228,1.169,64.329,0.951
2068.001,258.6,5751.2,185.8,1.228,1.169,64.329,0.951
2070.001,258.6,5751.2,185.8,1.228,1.169,64.329,0.951
2074.005,258.6,5751.2,185.8,1.228,1.169,64.329,0.951
2078.004,258.6,5751.2,185.8,1.228,1.169,64.329,0.951
2082.004,258.6,5751.2,185.8,1.228,1.169,64.329,0.951
2084.0040000000004,258.6,5751.2,185.8,1.228,1.169,64.329,0.951
2086.004,258.6,5751.2,185.8,1.228,1.169,64.329,0.951
2088.0040000000004,258.6,5751.2,185.8,1.228,1.169,64.329,0.916
2090.012,258.6,5751.2,185.8,1.228,1.169,64.329,0.916
2092.0040000000004,258.6,5751.2,185.8,1.228,1.169,64.329,0.916
2096.0040000000004,258.6,5751.2,185.8,1.228,1.169,64.329,0.916
2098.011,258.6,5751.2,185.8,1.228,1.169,64.329,0.916
2100.005,258.6,5751.2,185.8,1.228,1.169,64.329,0.88
2104.0040000000004,258.6,5751.2,185.8,1.228,1.169,64.329,0.88
2106.005,258.6,5751.2,185.8,1.228,1.169,64.329,0.88
2108.0040000000004,258.6,5751.2,185.8,1.228,1.169,64.329,0.88
2110.004,258.6,5751.2,185.8,1.228,1.169,64.329,0.88
2112.0040000000004,258.6,5751.2,185.8,1.228,1.169,64.329,0.88
2116.0040000000004,258.6,5751.2,185.8,1.228,1.169,64.329,0.846
2118.004,258.6,5751.2,185.8,1.228,1.169,64.329,0.846
2122.004,258.6,5751.2,185.8,1.228,1.169,64.329,0.846
2124.004,258.6,5751.2,185.8,1.228,1.169,64.329,0.846
2126.004,258.6,5751.2,185.8,1.228,1.169,64.329,0.951
2130.004,258.6,5751.2,185.8,1.228,1.169,64.329,0.951
2132.004,258.6,5751.2,185.8,1.228,1.169,64.329,0.951
2136.004,258.6,5751.2,185.8,1.228,1.169,64.329,0.951
2140.004,258.6,5751.2,185.8,1.228,1.169,64.329,0.916
2142.004,258.6,5751.2,185.8,1.228,1.169,64.329,0.916
2146.004,258.6,5751.2,185.8,1.228,1.169,64.329,0.916
2148.004,258.6,5751.2,185.8,1.228,1.169,64.329,0.916
2152.004,258.6,5751.2,185.8,1.228,1.169,64.329,0.846
2156.004,258.6,5751.2,185.8,1.228,1.169,64.329,0.846
2160.004,258.6,5751.2,185.8,1.228,1.169,64.329,0.846
2162.004,258.6,5751.2,185.8,1.228,1.169,64.329,0.846
2164.004,258.6,5751.2,185.8,1.228,1.169,64.329,0.846
2166.005,258.6,5751.2,185.8,1.228,1.169,64.329,0.846
2168.004,258.6,5751.2,185.8,1.228,1.169,64.329,0.846
2172.004,258.6,5751.2,185.8,1.228,1.169,64.329,0.846
2176.005,258.6,5751.2,185.8,1.228,1.169,64.329,0.916
2178.004,258.6,5751.2,185.8,1.228,1.169,64.329,0.916
2180.004,258.6,5751.2,185.8,1.228,1.169,64.329,0.916
2184.0,258.6,5751.2,185.8,1.228,1.169,64.329,0.916
2186.0,258.6,5751.2,185.8,1.228,1.169,64.329,0.916
2188.0,258.6,5751.2,185.8,1.228,1.169,64.329,0.916
2190.0,258.6,5751.2,185.8,1.228,1.169,64.329,0.951
2192.0009999999997,258.6,5751.2,185.8,1.228,1.169,64.329,0.951
2196.0009999999997,258.6,5751.2,185.8,1.228,1.169,64.329,0.951
2198.005,258.6,5751.2,185.8,1.228,1.169,64.329,0.951
2202.004,258.6,5751.2,185.8,1.228,1.169,64.329,0.951
2204.004,258.6,5751.2,185.8,1.228,1.169,64.329,0.951
2206.002,258.6,5751.2,185.8,1.228,1.169,64.329,0.951
2208.002,258.6,5751.2,185.8,1.228,1.169,64.329,0.951
2210.002,258.6,5751.2,185.8,1.228,1.169,64.329,0.951
2212.002,258.6,5751.2,185.8,1.228,1.169,64.329,0.951
2216.004,258.6,5751.2,185.8,1.228,1.169,64.329,0.845
2218.004,258.6,5751.2,185.8,1.228,1.169,64.329,0.845
2220.004,258.6,5751.2,185.8,1.228,1.169,64.329,0.845
2224.004,258.6,5751.2,185.8,1.228,1.169,64.329,0.845
2226.01,258.6,5751.2,185.8,1.228,1.169,64.329,0.88
2228.008,258.6,5751.2,185.8,1.228,1.169,64.329,0.88
2230.0080000000003,258.6,5751.2,185.8,1.228,1.169,64.329,0.88
2232.008,258.6,5751.2,185.8,1.228,1.169,64.329,0.88
2234.0080000000003,258.6,5751.2,185.8,1.228,1.169,64.329,0.88
2236.008,258.6,5751.2,185.8,1.228,1.169,64.329,0.88
2238.0080000000003,258.6,5751.2,185.8,1.228,1.169,64.329,0.88
2240.008,258.6,5751.2,185.8,1.228,1.169,64.329,0.881
2244.008,258.6,5751.2,185.8,1.228,1.169,64.329,0.881
2248.008,258.6,5751.2,185.8,1.228,1.169,64.329,0.881
2250.008,258.6,5751.2,185.8,1.228,1.169,64.329,0.881
2252.008,258.6,5751.2,185.8,1.228,1.169,64.329,0.881
2256.0060000000003,258.6,5751.2,185.8,1.228,1.169,64.329,0.881
2258.006,258.6,5751.2,185.8,1.228,1.169,64.329,0.881
2260.0060000000003,258.6,5751.2,185.8,1.228,1.169,64.329,0.881
2262.006,258.6,5751.2,185.8,1.228,1.169,64.329,0.881
2264.005,258.6,5751.2,185.8,1.228,1.169,64.329,0.881
2266.006,258.6,5751.2,185.8,1.228,1.169,64.329,0.881
2268.0060000000003,258.6,5751.2,185.8,1.228,1.169,64.329,0.951
2270.006,258.6,5751.2,185.8,1.228,1.169,64.329,0.951
2274.007,258.6,5751.2,185.8,1.228,1.169,64.329,0.951
2276.0060000000003,258.6,5751.2,185.8,1.228,1.169,64.329,0.951
2280.007,258.6,5751.2,185.8,1.228,1.169,64.329,0.951
2282.0049999999997,258.6,5751.2,185.8,1.228,1.169,64.329,0.916
2284.005,258.6,5751.2,185.8,1.228,1.169,64.329,0.916
2286.0049999999997,258.6,5751.2,185.8,1.228,1.169,64.329,0.916
2290.006,258.6,5751.2,185.8,1.228,1.169,64.329,0.916
2294.0049999999997,258.6,5751.2,185.8,1.228,1.169,64.329,0.951
2298.007,258.6,5751.2,185.8,1.228,1.169,64.329,0.951
2302.002,258.6,5751.2,185.8,1.228,1.169,64.329,0.951
2304.002,258.6,5751.2,185.8,1.228,1.169,64.329,0.951
2306.003,258.6,5751.2,185.8,1.228,1.169,64.329,0.775
2308.002,258.6,5751.2,185.8,1.228,1.169,64.329,0.775
2310.002,258.6,5751.2,185.8,1.228,1.169,64.329,0.775
2312.006,258.6,5751.2,185.8,1.228,1.169,64.329,0.775
2316.006,258.6,5751.2,185.8,1.228,1.169,64.329,0.775
2320.006,258.6,5751.2,185.8,1.228,1.169,64.329,0.881
2322.007,258.6,5751.2,185.8,1.228,1.169,64.329,0.881
2324.007,258.6,5751.2,185.8,1.228,1.169,64.329,0.881
2326.0049999999997,258.6,5751.2,185.8,1.228,1.169,64.329,0.881
2328.006,258.6,5751.2,185.8,1.228,1.169,64.329,0.881
2330.005,258.6,5751.2,185.8,1.228,1.169,64.329,0.881
2332.005,258.6,5751.2,185.8,1.228,1.169,64.329,0.881
2334.0040000000004,258.6,5751.2,185.8,1.228,1.169,64.329,0.881
2338.006,258.6,5751.2,185.8,1.228,1.169,64.329,0.881
2342.007,258.6,5751.2,185.8,1.228,1.169,64.329,0.881
2346.006,258.6,5751.2,185.8,1.228,1.169,64.329,0.916
2348.0080000000003,258.6,5751.2,185.8,1.228,1.169,64.329,0.916
2350.006,258.6,5751.2,185.8,1.228,1.169,64.329,0.916
2352.005,258.6,5751.2,185.8,1.228,1.169,64.329,0.916
2354.007,258.6,5751.2,185.8,1.228,1.169,64.329,0.916
2356.006,258.6,5751.2,185.8,1.228,1.169,64.329,0.916
2358.006,258.6,5751.2,185.8,1.228,1.169,64.329,0.845
2362.007,258.6,5751.2,185.8,1.228,1.169,64.329,0.845
2364.0080000000003,258.6,5751.2,185.8,1.228,1.169,64.329,0.845
2366.005,258.6,5751.2,185.8,1.228,1.169,64.329,0.845
2368.005,258.6,5751.2,185.8,1.228,1.169,64.329,0.845
2370.005,258.6,5751.2,185.8,1.228,1.169,64.329,0.881
2372.006,258.6,5751.2,185.8,1.228,1.169,64.329,0.881
2374.003,258.6,5751.2,185.8,1.228,1.169,64.329,0.881
2376.006,258.6,5751.2,185.8,1.228,1.169,64.329,0.881
2378.006,258.6,5751.2,185.8,1.228,1.169,64.329,0.881
2380.006,258.6,5751.2,185.8,1.228,1.169,64.329,0.881
2382.006,258.6,5751.2,185.8,1.228,1.169,64.329,0.81
2386.0,258.6,5751.2,185.8,1.228,1.169,64.329,0.81
2388.0,258.6,5751.2,185.8,1.228,1.169,64.329,0.81
2392.0,258.6,5751.2,185.8,1.228,1.169,64.329,0.81
2394.0,258.6,5751.2,185.8,1.228,1.169,64.329,0.81
2396.0,258.6,5751.2,185.8,1.228,1.169,64.329,0.881
2398.0009999999997,258.6,5751.2,185.8,1.228,1.169,64.329,0.881
2400.0,258.6,5751.2,185.8,1.228,1.169,64.329,0.881
2404.0,258.6,5751.2,185.8,1.228,1.169,64.329,0.881
2408.001,258.6,5751.2,185.8,1.228,1.169,64.329,0.881
2410.0,258.6,5751.2,185.8,1.228,1.169,64.329,0.81
2414.0,258.6,5751.2,185.8,1.228,1.169,64.329,0.81
2416.0,258.6,5751.2,185.8,1.228,1.169,64.329,0.81
2418.0,258.6,5751.2,185.8,1.228,1.169,64.329,0.81
2420.001,258.6,5751.2,185.8,1.228,1.169,64.329,0.81
2421.999,258.6,5751.2,185.8,1.228,1.169,64.329,0.846
2424.0,258.6,5751.2,185.8,1.228,1.169,64.329,0.846
2426.0,258.6,5751.2,185.8,1.228,1.169,64.329,0.846
2428.0,258.6,5751.2,185.8,1.228,1.169,64.329,0.846
2430.0009999999997,258.6,5751.2,185.8,1.228,1.169,64.329,0.846
2434.0,258.6,5751.2,185.8,1.228,1.169,64.329,0.951
2438.0,258.6,5751.2,185.8,1.228,1.169,64.329,0.951
2440.001,258.6,5751.2,185.8,1.228,1.169,64.329,0.951
2442.0009999999997,258.6,5751.2,185.8,1.228,1.169,64.329,0.951
2444.0,258.6,5751.2,185.8,1.228,1.169,64.329,0.951
2446.0009999999997,258.6,5751.2,185.8,1.228,1.169,64.329,0.951
2448.001,258.6,5751.2,185.8,1.228,1.169,64.329,0.951
2452.0,258.6,5751.2,185.8,1.228,1.169,64.329,0.951
2454.008,258.6,5751.2,185.8,1.228,1.169,64.329,0.951
2456.001,258.6,5751.2,185.8,1.228,1.169,64.329,0.951
2460.0,258.6,5751.2,185.8,1.228,1.169,64.329,0.88
2462.0,258.6,5751.2,185.8,1.228,1.169,64.329,0.88
2464.0,258.6,5751.2,185.8,1.228,1.169,64.329,0.88
2466.0009999999997,258.6,5751.2,185.8,1.228,1.169,64.329,0.88
2468.0,258.6,5751.2,185.8,1.228,1.169,64.329,0.88
2470.0,258.6,5751.2,185.8,1.228,1.169,64.329,0.88
2472.0,258.6,5751.2,185.8,1.228,1.169,64.329,0.916
2476.0,258.6,5751.2,185.8,1.228,1.169,64.329,0.916
2478.009,258.6,5751.2,185.8,1.228,1.169,64.329,0.916
2482.0,258.6,5751.2,185.8,1.228,1.169,64.329,0.916
2484.0,258.6,5751.2,185.8,1.228,1.169,64.329,0.845
2488.001,258.6,5751.2,185.8,1.228,1.169,64.329,0.845
2490.0009999999997,258.6,5751.2,185.8,1.228,1.169,64.329,0.845
2492.001,258.6,5751.2,185.8,1.228,1.169,64.329,0.845
2493.9990000000003,258.6,5751.2,185.8,1.228,1.169,64.329,0.845
2496.002,258.6,5751.2,185.8,1.228,1.169,64.329,0.845
2498.002,258.6,5751.2,185.8,1.228,1.169,64.329,0.951
2500.001,258.6,5751.2,185.8,1.228,1.169,64.329,0.951
2504.001,258.6,5751.2,185.8,1.228,1.169,64.329,0.951
2506.0009999999997,258.6,5751.2,185.8,1.228,1.169,64.329,0.951
2508.001,258.6,5751.2,185.8,1.228,1.169,64.329,0.951
2512.001,258.6,5751.2,185.8,1.228,1.169,64.329,0.845
2514.002,258.6,5751.2,185.8,1.228,1.169,64.329,0.845
2518.0009999999997,258.6,5751.2,185.8,1.228,1.169,64.329,0.845
2520.001,258.6,5751.2,185.8,1.228,1.169,64.329,0.845
2522.0009999999997,258.6,5751.2,185.8,1.228,1.169,64.329,0.916
2524.001,258.6,5751.2,185.8,1.228,1.169,64.329,0.916
2526.0009999999997,258.6,5751.2,185.8,1.228,1.169,64.329,0.916
2528.001,258.6,5751.2,185.8,1.228,1.169,64.329,0.916
2532.002,258.6,5751.2,185.8,1.228,1.169,64.329,0.916
2534.002,258.6,5751.2,185.8,1.228,1.169,64.329,0.916
2536.0049999999997,258.6,5751.2,185.8,1.228,1.169,64.329,0.916
2538.0009999999997,258.6,5751.2,185.8,1.228,1.169,64.329,0.916
2540.001,258.6,5751.2,185.8,1.228,1.169,64.329,0.916
2542.0009999999997,258.6,5751.2,185.8,1.228,1.169,64.329,0.916
2544.001,258.6,5751.2,185.8,1.228,1.169,64.329,0.916
2546.013,258.6,5751.2,185.8,1.228,1.169,64.329,0.916
2548.0040000000004,258.6,5751.2,185.8,1.228,1.169,64.329,0.951
2552.0040000000004,258.6,5751.2,185.8,1.228,1.169,64.329,0.951
2554.0029999999997,258.6,5751.2,185.8,1.228,1.169,64.329,0.951
2558.004,258.6,5751.2,185.8,1.228,1.169,64.329,0.951
2560.0040000000004,258.6,5751.2,185.8,1.228,1.169,64.329,0.845
2562.004,258.6,5751.2,185.8,1.228,1.169,64.329,0.845
2564.011,258.6,5751.2,185.8,1.228,1.169,64.329,0.845
2566.004,258.6,5751.2,185.8,1.228,1.169,64.329,0.845
2568.011,258.6,5751.2,185.8,1.228,1.169,64.329,0.845
2570.004,258.6,5751.2,185.8,1.228,1.169,64.329,0.845
2572.0040000000004,258.6,5751.2,185.8,1.228,1.169,64.329,0.845
2576.012,258.6,5751.2,185.8,1.228,1.169,64.329,0.845
2578.004,258.6,5751.2,185.8,1.228,1.169,64.329,0.845
2580.0040000000004,258.6,5751.2,185.8,1.228,1.169,64.329,0.845
2582.004,258.6,5751.2,185.8,1.228,1.169,64.329,0.845
2584.005,258.6,5751.2,185.8,1.228,1.169,64.329,0.845
2586.004,258.6,5751.2,185.8,1.228,1.169,64.329,0.845
2590.0029999999997,258.6,5751.2,185.8,1.228,1.169,64.329,0.845
2592.0040000000004,258.6,5751.2,185.8,1.228,1.169,64.329,0.845
2596.0040000000004,258.6,5751.2,185.8,1.228,1.169,64.329,0.845
2598.004,258.6,5751.2,185.8,1.228,1.169,64.329,0.846
2600.0040000000004,258.6,5751.2,185.8,1.228,1.169,64.329,0.846
2602.005,258.6,5751.2,185.8,1.228,1.169,64.329,0.846
2606.012,258.6,5751.2,185.8,1.228,1.169,64.329,0.846
2608.0040000000004,258.6,5751.2,185.8,1.228,1.169,64.329,0.846
2610.004,258.6,5751.2,185.8,1.228,1.169,64.329,0.846
2612.0040000000004,258.6,5751.2,185.8,1.228,1.169,64.329,0.881
2614.004,258.6,5751.2,185.8,1.228,1.169,64.329,0.881
2616.005,258.6,5751.2,185.8,1.228,1.169,64.329,0.881
2620.006,258.6,5751.2,185.8,1.228,1.169,64.329,0.881
2622.004,258.6,5751.2,185.8,1.228,1.169,64.329,0.881
2626.004,258.6,5751.2,185.8,1.228,1.169,64.329,0.845
2628.004,258.6,5751.2,185.8,1.228,1.169,64.329,0.845
2630.0029999999997,258.6,5751.2,185.8,1.228,1.169,64.329,0.845
2632.004,258.6,5751.2,185.8,1.228,1.169,64.329,0.845
2634.004,258.6,5751.2,185.8,1.228,1.169,64.329,0.845
2636.004,258.6,5751.2,185.8,1.228,1.169,64.329,0.845
2638.004,258.6,5751.2,185.8,1.228,1.169,64.329,0.845
2642.0020000000004,258.6,5751.2,185.8,1.228,1.169,64.329,0.845
2646.0020000000004,258.6,5751.2,185.8,1.228,1.169,64.329,0.845
2650.0020000000004,258.6,5751.2,185.8,1.228,1.169,64.329,0.916
2652.002,258.6,5751.2,185.8,1.228,1.169,64.329,0.916
2654.0029999999997,258.6,5751.2,185.8,1.228,1.169,64.329,0.916
2656.004,258.6,5751.2,185.8,1.228,1.169,64.329,0.916
2658.004,258.6,5751.2,185.8,1.228,1.169,64.329,0.916
2660.004,258.6,5751.2,185.8,1.228,1.169,64.329,0.916
2662.004,258.6,5751.2,185.8,1.228,1.169,64.329,0.845
2664.003,258.6,5751.2,185.8,1.228,1.169,64.329,0.845
2666.0029999999997,258.6,5751.2,185.8,1.228,1.169,64.329,0.845
2670.0020000000004,258.6,5751.2,185.8,1.228,1.169,64.329,0.845
2674.0020000000004,258.6,5751.2,185.8,1.228,1.169,64.329,0.845
2676.003,258.6,5751.2,185.8,1.228,1.169,64.329,0.846
2678.004,258.6,5751.2,185.8,1.228,1.169,64.329,0.846
2680.004,258.6,5751.2,185.8,1.228,1.169,64.329,0.846
2682.004,258.6,5751.2,185.8,1.228,1.169,64.329,0.846
2684.002,258.6,5751.2,185.8,1.228,1.169,64.329,0.846
2686.002,258.6,5751.2,185.8,1.228,1.169,64.329,0.846
2688.004,258.6,5751.2,185.8,1.228,1.169,64.329,0.881
2692.008,258.6,5751.2,185.8,1.228,1.169,64.329,0.881
2696.008,258.6,5751.2,185.8,1.228,1.169,64.329,0.881
2698.0080000000003,258.6,5751.2,185.8,1.228,1.169,64.329,0.881
2700.008,258.6,5751.2,185.8,1.228,1.169,64.329,0.881
2702.0080000000003,258.6,5751.2,185.8,1.228,1.169,64.329,0.881
2704.004,258.6,5751.2,185.8,1.228,1.169,64.329,0.881
2706.0,258.6,5751.2,185.8,1.228,1.169,64.329,0.881
2708.0009999999997,258.6,5751.2,185.8,1.228,1.169,64.329,0.881
2710.001,258.6,5751.2,185.8,1.228,1.169,64.329,0.881
2714.0,258.6,5751.2,185.8,1.228,1.169,64.329,0.845
2716.0,258.6,5751.2,185.8,1.228,1.169,64.329,0.845
2720.0,258.6,5751.2,185.8,1.228,1.169,64.329,0.845
2724.0,258.6,5751.2,185.8,1.228,1.169,64.329,0.951
2726.0,258.6,5751.2,185.8,1.228,1.169,64.329,0.951
2728.0009999999997,258.6,5751.2,185.8,1.228,1.169,64.329,0.951
2732.009,258.6,5751.2,185.8,1.228,1.169,64.329,0.951
2734.009,258.6,5751.2,185.8,1.228,1.169,64.329,0.951
2736.0060000000003,258.6,5751.2,185.8,1.228,1.169,64.329,0.951
2738.004,258.6,5751.2,185.8,1.228,1.169,64.329,0.81
2742.004,258.6,5751.2,185.8,1.228,1.169,64.329,0.81
2746.004,258.6,5751.2,185.8,1.228,1.169,64.329,0.81
2748.003,258.6,5751.2,185.8,1.228,1.169,64.329,0.81
2750.004,258.6,5751.2,185.8,1.228,1.169,64.329,0.81
2752.003,258.6,5751.2,185.8,1.228,1.169,64.329,0.88
2754.003,258.6,5751.2,185.8,1.228,1.169,64.329,0.88
2756.003,258.6,5751.2,185.8,1.228,1.169,64.329,0.88
2758.003,258.6,5751.2,185.8,1.228,1.169,64.329,0.88
2762.004,258.6,5751.2,185.8,1.228,1.169,64.329,0.88
2764.003,258.6,5751.2,185.8,1.228,1.169,64.329,0.916
2768.003,258.6,5751.2,185.8,1.228,1.169,64.329,0.916
2770.003,258.6,5751.2,185.8,1.228,1.169,64.329,0.916
2772.003,258.6,5751.2,185.8,1.228,1.169,64.329,0.916
2774.003,258.6,5751.2,185.8,1.228,1.169,64.329,0.916
2776.004,258.6,5751.2,185.8,1.228,1.169,64.329,0.916
2778.003,258.6,5751.2,185.8,1.228,1.169,64.329,0.881
2780.0029999999997,258.6,5751.2,185.8,1.228,1.169,64.329,0.881
2782.0040000000004,258.6,5751.2,185.8,1.228,1.169,64.329,0.881
2786.003,258.6,5751.2,185.8,1.228,1.169,64.329,0.881
2790.003,258.6,5751.2,185.8,1.228,1.169,64.329,0.881
2794.003,258.6,5751.2,185.8,1.228,1.169,64.329,0.986
2796.004,258.6,5751.2,185.8,1.228,1.169,64.329,0.986
2798.0040000000004,258.6,5751.2,185.8,1.228,1.169,64.329,0.986
2800.005,258.6,5751.2,185.8,1.228,1.169,64.329,0.986
2802.0040000000004,258.6,5751.2,185.8,1.228,1.169,64.329,0.986
2804.004,258.6,5751.2,185.8,1.228,1.169,64.329,0.775
2808.004,258.6,5751.2,185.8,1.228,1.169,64.329,0.775
2810.0040000000004,258.6,5751.2,185.8,1.228,1.169,64.329,0.775
2812.0099999999998,258.6,5751.2,185.8,1.228,1.169,64.329,0.775
2816.004,258.6,5751.2,185.8,1.228,1.169,64.329,0.775
2818.0040000000004,258.6,5751.2,185.8,1.228,1.169,64.329,0.881
2822.0040000000004,258.6,5751.2,185.8,1.228,1.169,64.329,0.881
2824.004,258.6,5751.2,185.8,1.228,1.169,64.329,0.881
2828.0029999999997,258.6,5751.2,185.8,1.228,1.169,64.329,0.881
2832.004,258.6,5751.2,185.8,1.228,1.169,64.329,0.881
2836.004,258.6,5751.2,185.8,1.228,1.169,64.329,0.881
2840.004,258.6,5751.2,185.8,1.228,1.169,64.329,0.881
2842.0040000000004,258.6,5751.2,185.8,1.228,1.169,64.329,0.881
2846.0040000000004,258.6,5751.2,185.8,1.228,1.169,64.329,0.951
2848.004,258.6,5751.1,185.8,1.228,1.169,64.329,0.951
2850.0040000000004,258.6,5751.1,185.8,1.228,1.169,64.329,0.951
2852.004,258.6,5751.1,185.8,1.228,1.169,64.329,0.951
2854.0040000000004,258.6,5751.1,185.8,1.228,1.169,64.329,0.951
2856.004,258.6,5751.1,185.8,1.228,1.169,64.329,0.951
2858.012,258.6,5751.1,185.8,1.228,1.169,64.329,0.951
2860.012,258.6,5751.1,185.8,1.228,1.169,64.329,0.951
2864.004,258.6,5751.1,185.8,1.228,1.169,64.329,0.951
2868.004,258.6,5751.1,185.8,1.228,1.169,64.329,0.916
2870.01,258.6,5751.1,185.8,1.228,1.169,64.329,0.916
2872.004,258.6,5751.1,185.8,1.228,1.169,64.329,0.916
2874.011,258.6,5751.1,185.8,1.228,1.169,64.329,0.916
2876.004,258.6,5751.1,185.8,1.228,1.169,64.329,0.916
2878.004,258.6,5751.1,185.8,1.228,1.169,64.329,0.916
2880.004,258.6,5751.1,185.8,1.228,1.169,64.329,0.916
2882.004,258.6,5751.1,185.8,1.228,1.169,64.329,0.951
2884.004,258.6,5751.1,185.8,1.228,1.169,64.329,0.951
2888.004,258.6,5751.1,185.8,1.228,1.169,64.329,0.951
2890.004,258.6,5751.1,185.8,1.228,1.169,64.329,0.951
2892.004,258.6,5751.1,185.8,1.228,1.169,64.329,0.951
2894.004,258.6,5751.1,185.8,1.228,1.169,64.329,0.951
2896.004,258.6,5751.1,185.8,1.228,1.169,64.329,0.951
2898.004,258.6,5751.1,185.8,1.228,1.169,64.329,0.951
2900.004,258.6,5751.1,185.8,1.228,1.169,64.329,0.951
2902.004,258.6,5751.1,185.8,1.228,1.169,64.329,0.951
2904.004,258.6,5751.1,185.8,1.228,1.169,64.329,0.951
2906.004,258.6,5751.1,185.8,1.228,1.169,64.329,0.951
2908.004,258.6,5751.1,185.8,1.228,1.169,64.329,0.916
2912.004,258.6,5751.1,185.8,1.228,1.169,64.329,0.916
2914.004,258.6,5751.1,185.8,1.228,1.169,64.329,0.916
2916.004,258.6,5751.1,185.8,1.228,1.169,64.329,0.916
2918.004,258.6,5751.1,185.8,1.228,1.169,64.329,0.916
2920.004,258.6,5751.1,185.8,1.228,1.169,64.329,0.916
2922.004,258.6,5751.1,185.8,1.228,1.169,64.329,0.88
2924.004,258.6,5751.1,185.8,1.228,1.169,64.329,0.88
2926.004,258.6,5751.1,185.8,1.228,1.169,64.329,0.88
2928.013,258.6,5751.1,185.8,1.228,1.169,64.329,0.88
2930.004,258.6,5751.1,185.8,1.228,1.169,64.329,0.88
2932.004,258.6,5751.1,185.8,1.228,1.169,64.329,0.88
2936.0029999999997,258.6,5751.1,185.8,1.228,1.169,64.329,0.81
2940.004,258.6,5751.1,185.8,1.228,1.169,64.329,0.81
2942.011,258.6,5751.1,185.8,1.228,1.169,64.329,0.81
2944.0119999999997,258.6,5751.1,185.8,1.228,1.169,64.329,0.81
2946.004,258.6,5751.1,185.8,1.228,1.169,64.329,0.81
2948.004,258.6,5751.1,185.8,1.228,1.169,64.329,0.846
2950.009,258.6,5751.1,185.8,1.228,1.169,64.329,0.846
2952.004,258.6,5751.1,185.8,1.228,1.169,64.329,0.846
2956.004,258.6,5751.1,185.8,1.228,1.169,64.329,0.846
2958.004,258.6,5751.1,185.8,1.228,1.169,64.329,0.846
2960.0,258.6,5751.1,185.8,1.228,1.169,64.329,0.846
2962.0,258.6,5751.1,185.8,1.228,1.169,64.329,0.951
2964.0,258.6,5751.1,185.8,1.228,1.169,64.329,0.951
2966.0,258.6,5751.1,185.8,1.228,1.169,64.329,0.951
2968.0,258.6,5751.1,185.8,1.228,1.169,64.329,0.951
2970.0009999999997,258.6,5751.1,185.8,1.228,1.169,64.329,0.951
2972.001,258.6,5751.1,185.8,1.228,1.169,64.329,0.951
2976.0,258.6,5751.1,185.8,1.228,1.169,64.329,0.881
2980.0,258.6,5751.1,185.8,1.228,1.169,64.329,0.881
2982.003,258.6,5751.1,185.8,1.228,1.169,64.329,0.881
2984.0,258.6,5751.1,185.8,1.228,1.169,64.329,0.881
2986.0009999999997,258.6,5751.1,185.8,1.228,1.169,64.329,0.881
2988.001,258.6,5751.1,185.8,1.228,1.169,64.329,0.88
2990.0009999999997,258.6,5751.1,185.8,1.228,1.169,64.329,0.88
2992.0,258.6,5751.1,185.8,1.228,1.169,64.329,0.88
2996.001,258.6,5751.1,185.8,1.228,1.169,64.329,0.88
2998.0,258.6,5751.1,185.8,1.228,1.169,64.329,0.88
3000.0,258.6,5751.1,185.8,1.228,1.169,64.329,0.88
3004.0,258.6,5751.1,185.8,1.228,1.169,64.329,0.951
3008.0,258.6,5751.1,185.8,1.228,1.169,64.329,0.951
3009.9990000000003,258.6,5751.1,185.8,1.228,1.169,64.329,0.951
3012.0,258.6,5751.1,185.8,1.228,1.169,64.329,0.951
3014.0,258.6,5751.1,185.8,1.228,1.169,64.329,0.81
3016.001,258.6,5751.1,185.8,1.228,1.169,64.329,0.81
3018.0,258.6,5751.1,185.8,1.228,1.169,64.329,0.81
3020.0,258.6,5751.1,185.8,1.228,1.169,64.329,0.81
3022.0,258.6,5751.1,185.8,1.228,1.169,64.329,0.81
3024.001,258.6,5751.1,185.8,1.228,1.169,64.329,0.81
3026.0009999999997,258.6,5751.1,185.8,1.228,1.169,64.329,0.81
3028.0,258.6,5751.1,185.8,1.228,1.169,64.329,0.845
3030.0,258.6,5751.1,185.8,1.228,1.169,64.329,0.845
3032.001,258.6,5751.1,185.8,1.228,1.169,64.329,0.845
3034.0009999999997,258.6,5751.1,185.8,1.228,1.169,64.329,0.845
3036.0,258.6,5751.1,185.8,1.228,1.169,64.329,0.845
3038.0,258.6,5751.1,185.8,1.228,1.169,64.329,0.845
3040.003,258.6,5751.1,185.8,1.228,1.169,64.329,0.845
3042.0029999999997,258.6,5751.1,185.8,1.228,1.169,64.329,0.916
3046.0029999999997,258.6,5751.1,185.8,1.228,1.169,64.329,0.916
3048.003,258.6,5751.1,185.8,1.228,1.169,64.329,0.916
3052.003,258.6,5751.1,185.8,1.228,1.169,64.329,0.916
3056.002,258.6,5751.1,185.8,1.228,1.169,64.329,0.881
3058.002,258.6,5751.1,185.8,1.228,1.169,64.329,0.881
3060.002,258.6,5751.1,185.8,1.228,1.169,64.329,0.881
3062.002,258.6,5751.1,185.8,1.228,1.169,64.329,0.881
3064.001,258.6,5751.1,185.8,1.228,1.169,64.329,0.881
3066.001,258.6,5751.1,185.8,1.228,1.169,64.329,0.881
3068.001,258.6,5751.1,185.8,1.228,1.169,64.329,0.88
3070.002,258.6,5751.1,185.8,1.228,1.169,64.329,0.88
3072.002,258.6,5751.1,185.8,1.228,1.169,64.329,0.88
3074.002,258.6,5751.1,185.8,1.228,1.169,64.329,0.88
3076.002,258.6,5751.1,185.8,1.228,1.169,64.329,0.88
3078.002,258.6,5751.1,185.8,1.228,1.169,64.329,0.88
3080.001,258.6,5751.1,185.8,1.228,1.169,64.329,1.057
3082.002,258.6,5751.1,185.8,1.228,1.169,64.329,1.057
3084.002,258.6,5751.1,185.8,1.228,1.169,64.329,1.057
3086.002,258.6,5751.1,185.8,1.228,1.169,64.329,1.057
3088.001,258.6,5751.1,185.8,1.228,1.169,64.329,1.057
3090.0,258.6,5751.1,185.8,1.228,1.169,64.329,1.057
3092.0,258.6,5751.1,185.8,1.228,1.169,64.329,1.057
3096.008,258.6,5751.1,185.8,1.228,1.169,64.329,0.951
3100.008,258.6,5751.1,185.8,1.228,1.169,64.329,0.951
3102.0080000000003,258.6,5751.1,185.8,1.228,1.169,64.329,0.951
3104.008,258.6,5751.1,185.8,1.228,1.169,64.329,0.951
3106.0080000000003,258.6,5751.1,185.8,1.228,1.169,64.329,0.881
3108.008,258.6,5751.1,185.8,1.228,1.169,64.329,0.881
3110.0080000000003,258.6,5751.1,185.8,1.228,1.169,64.329,0.881
3112.003,258.6,5751.1,185.8,1.228,1.169,64.329,0.881
3114.005,258.6,5751.1,185.8,1.228,1.169,64.329,0.881
3116.003,258.6,5751.1,185.8,1.228,1.169,64.329,0.881
3118.0080000000003,258.6,5751.1,185.8,1.228,1.169,64.329,0.881
3120.008,258.6,5751.1,185.8,1.228,1.169,64.329,0.81
3122.0080000000003,258.6,5751.1,185.8,1.228,1.169,64.329,0.81
3126.0080000000003,258.6,5751.1,185.8,1.228,1.169,64.329,0.81
3128.008,258.6,5751.1,185.8,1.228,1.169,64.329,0.81
3130.0080000000003,258.6,5751.1,185.8,1.228,1.169,64.329,0.81
3132.009,258.6,5751.1,185.8,1.228,1.169,64.329,0.881
3134.0080000000003,258.6,5751.1,185.8,1.228,1.169,64.329,0.881
3136.008,258.6,5751.1,185.8,1.228,1.169,64.329,0.881
3138.0080000000003,258.6,5751.1,185.8,1.228,1.169,64.329,0.881
3140.008,258.6,5751.1,185.8,1.228,1.169,64.329,0.881
3144.008,258.6,5751.1,185.8,1.228,1.169,64.329,0.881
3148.008,258.6,5751.1,185.8,1.228,1.169,64.329,0.951
3150.0080000000003,258.6,5751.1,185.8,1.228,1.169,64.329,0.951
3152.008,258.6,5751.1,185.8,1.228,1.169,64.329,0.951
3156.005,258.6,5751.1,185.8,1.228,1.169,64.329,0.951
3158.005,258.6,5751.1,185.8,1.228,1.169,64.329,0.951
3160.0060000000003,258.6,5751.1,185.8,1.228,1.169,64.329,0.845
3162.004,258.6,5751.1,185.8,1.228,1.169,64.329,0.845
3164.0069999999996,258.6,5751.1,185.8,1.228,1.169,64.329,0.845
3166.006,258.6,5751.1,185.8,1.228,1.169,64.329,0.845
3170.006,258.6,5751.1,185.8,1.228,1.169,64.329,0.846
3172.0060000000003,258.6,5751.1,185.8,1.228,1.169,64.329,0.846
3174.007,258.6,5751.1,185.8,1.228,1.169,64.329,0.846
3176.0060000000003,258.6,5751.1,185.8,1.228,1.169,64.329,0.846
3178.006,258.6,5751.1,185.8,1.228,1.169,64.329,0.846
3180.0060000000003,258.6,5751.1,185.8,1.228,1.169,64.329,0.846
3182.007,258.6,5751.1,185.8,1.228,1.169,64.329,0.846
3184.0069999999996,258.6,5751.1,185.8,1.228,1.169,64.329,0.845
3186.006,258.6,5751.1,185.8,1.228,1.169,64.329,0.845
3188.004,258.6,5751.1,185.8,1.228,1.169,64.329,0.845
3192.005,258.6,5751.1,185.8,1.228,1.169,64.329,0.845
3194.005,258.6,5751.1,185.8,1.228,1.169,64.329,0.845
3196.005,258.6,5751.1,185.8,1.228,1.169,64.329,0.845
3198.006,258.6,5751.1,185.8,1.228,1.169,64.329,0.881
3200.0060000000003,258.6,5751.1,185.8,1.228,1.169,64.329,0.881
3202.006,258.6,5751.1,185.8,1.228,1.169,64.329,0.881
3204.0060000000003,258.6,5751.1,185.8,1.228,1.169,64.329,0.881
3206.006,258.6,5751.1,185.8,1.228,1.169,64.329,0.881
3208.0069999999996,258.6,5751.1,185.8,1.228,1.169,64.329,0.881
3210.006,258.6,5751.1,185.8,1.228,1.169,64.329,0.881
3212.0060000000003,258.6,5751.1,185.8,1.228,1.169,64.329,0.881
3216.0060000000003,258.6,5751.1,185.8,1.228,1.169,64.329,0.881
3218.006,258.6,5751.1,185.8,1.228,1.169,64.329,0.881
3220.005,258.6,5751.1,185.8,1.228,1.169,64.329,0.881
3222.006,258.6,5751.1,185.8,1.228,1.169,64.329,0.916
3224.0060000000003,258.6,5751.1,185.8,1.228,1.169,64.329,0.916
3226.006,258.6,5751.1,185.8,1.228,1.169,64.329,0.916
3228.0060000000003,258.6,5751.1,185.8,1.228,1.169,64.329,0.916
3230.006,258.6,5751.1,185.8,1.228,1.169,64.329,0.916
3234.007,258.6,5751.1,185.8,1.228,1.169,64.329,0.845
3236.004,258.6,5751.1,185.8,1.228,1.169,64.329,0.845
3240.0060000000003,258.6,5751.1,185.8,1.228,1.169,64.329,0.845
3242.0049999999997,258.6,5751.1,185.8,1.228,1.169,64.329,0.845
3244.005,258.6,5751.1,185.8,1.228,1.169,64.329,0.845
3248.002,258.6,5751.1,185.8,1.228,1.169,64.329,0.881
3250.006,258.6,5751.1,185.8,1.228,1.169,64.329,0.881
3252.0060000000003,258.6,5751.1,185.8,1.228,1.169,64.329,0.881
3254.007,258.6,5751.1,185.8,1.228,1.169,64.329,0.881
3256.0060000000003,258.6,5751.1,185.8,1.228,1.169,64.329,0.881
3258.006,258.6,5751.1,185.8,1.228,1.169,64.329,0.881
3260.004,258.6,5751.1,185.8,1.228,1.169,64.329,0.951
3264.0060000000003,258.6,5751.1,185.8,1.228,1.169,64.329,0.951
3266.006,258.6,5751.1,185.8,1.228,1.169,64.329,0.951
3268.0060000000003,258.6,5751.1,185.8,1.228,1.169,64.329,0.951
3270.006,258.6,5751.1,185.8,1.228,1.169,64.329,0.951
3272.0060000000003,258.6,5751.1,185.8,1.228,1.169,64.329,0.986
3274.006,258.6,5751.1,185.8,1.228,1.169,64.329,0.986
3276.0060000000003,258.6,5751.1,185.8,1.228,1.169,64.329,0.986
3278.006,258.6,5751.1,185.8,1.228,1.169,64.329,0.986
3280.005,258.6,5751.1,185.8,1.228,1.169,64.329,0.986
3284.0029999999997,258.6,5751.1,185.8,1.228,1.169,64.329,0.986
3286.006,258.6,5751.1,185.8,1.228,1.169,64.329,0.951
3290.006,258.6,5751.1,185.8,1.228,1.169,64.329,0.951
3292.0060000000003,258.6,5751.1,185.8,1.228,1.169,64.329,0.951
3294.0040000000004,258.6,5751.1,185.8,1.228,1.169,64.329,0.951
3296.004,258.6,5751.1,185.8,1.228,1.169,64.329,0.951
3298.006,258.6,5751.1,185.8,1.228,1.169,64.329,0.881
3300.005,258.6,5751.1,185.8,1.228,1.169,64.329,0.881
3302.0049999999997,258.6,5751.1,185.8,1.228,1.169,64.329,0.881
3304.005,258.6,5751.1,185.8,1.228,1.169,64.329,0.881
3306.007,258.6,5751.1,185.8,1.228,1.169,64.329,0.881
3310.0049999999997,258.6,5751.1,185.8,1.228,1.169,64.329,0.881
3314.006,258.6,5751.1,185.8,1.228,1.169,64.329,0.951
3316.006,258.6,5751.1,185.8,1.228,1.169,64.329,0.951
3318.006,258.6,5751.1,185.8,1.228,1.169,64.329,0.951
3320.007,258.6,5751.1,185.8,1.228,1.169,64.329,0.951
3322.006,258.6,5751.1,185.8,1.228,1.169,64.329,0.951
3324.006,258.6,5751.1,185.8,1.228,1.169,64.329,0.915
3326.0,258.6,5751.1,185.8,1.228,1.169,64.329,0.915
3330.0,258.6,5751.1,185.8,1.228,1.169,64.329,0.915
3334.001,258.6,5751.1,185.8,1.228,1.169,64.329,0.915
3336.001,258.6,5751.1,185.8,1.228,1.169,64.329,0.986
3340.001,258.6,5751.1,185.8,1.228,1.169,64.329,0.986
3341.999,258.6,5751.1,185.8,1.228,1.169,64.329,0.986
3346.0,258.6,5751.1,185.8,1.228,1.169,64.329,0.986
3348.0,258.6,5751.1,185.8,1.228,1.169,64.329,0.986
3350.0,258.6,5751.1,185.8,1.228,1.169,64.329,0.916
3352.001,258.6,5751.1,185.8,1.228,1.169,64.329,0.916
3354.0,258.6,5751.1,185.8,1.228,1.169,64.329,0.916
3356.001,258.6,5751.1,185.8,1.228,1.169,64.329,0.916
3358.0,258.6,5751.1,185.8,1.228,1.169,64.329,0.916
3360.001,258.6,5751.1,185.8,1.228,1.169,64.329,0.916
3362.0,258.6,5751.1,185.8,1.228,1.169,64.329,0.88
3364.001,258.6,5751.1,185.8,1.228,1.169,64.329,0.88
3366.0009999999997,258.6,5751.1,185.8,1.228,1.169,64.329,0.88
3368.0,258.6,5751.1,185.8,1.228,1.169,64.329,0.88
3370.0009999999997,258.6,5751.1,185.8,1.228,1.169,64.329,0.88
3372.0,258.6,5751.1,185.8,1.228,1.169,64.329,0.88
3374.0,258.6,5751.1,185.8,1.228,1.169,64.329,0.88
3376.0,258.6,5751.1,185.8,1.228,1.169,64.329,0.951
3379.9990000000003,258.6,5751.1,185.8,1.228,1.169,64.329,0.951
3384.0,258.6,5751.1,185.8,1.228,1.169,64.329,0.951
3386.0009999999997,258.6,5751.1,185.8,1.228,1.169,64.329,0.951
3388.001,258.6,5751.1,185.8,1.228,1.169,64.329,0.916
3390.0,258.6,5751.1,185.8,1.228,1.169,64.329,0.916
3392.0,258.6,5751.1,185.8,1.228,1.169,64.329,0.916
3394.0,258.6,5751.1,185.8,1.228,1.169,64.329,0.916
3396.001,258.6,5751.1,185.8,1.228,1.169,64.329,0.916
3398.0,258.6,5751.1,185.8,1.228,1.169,64.329,0.916
3400.001,258.6,5751.1,185.8,1.228,1.169,64.329,0.916
3402.0,258.6,5751.1,185.8,1.228,1.169,64.329,0.951
3406.0,258.6,5751.1,185.8,1.228,1.169,64.329,0.951
3408.001,258.6,5751.1,185.8,1.228,1.169,64.329,0.951
3410.0009999999997,258.6,5751.1,185.8,1.228,1.169,64.329,0.951
3411.999,258.6,5751.1,185.8,1.228,1.169,64.329,0.951
3414.0,258.6,5751.1,185.8,1.228,1.169,64.329,0.951
3416.0,258.6,5751.1,185.8,1.228,1.169,64.329,0.775
3418.0009999999997,258.6,5751.1,185.8,1.228,1.169,64.329,0.775
3420.0,258.6,5751.1,185.8,1.228,1.169,64.329,0.775
3422.0,258.6,5751.1,185.8,1.228,1.169,64.329,0.775
3424.0,258.6,5751.1,185.8,1.228,1.169,64.329,0.775
3426.0009999999997,258.6,5751.1,185.8,1.228,1.169,64.329,0.775
3428.0,258.6,5751.1,185.8,1.228,1.169,64.329,0.916
3432.005,258.6,5751.1,185.8,1.228,1.169,64.329,0.916
3434.0,258.6,5751.1,185.8,1.228,1.169,64.329,0.916
3436.0,258.6,5751.1,185.8,1.228,1.169,64.329,0.916
3438.0,258.6,5751.1,185.8,1.228,1.169,64.329,0.916
3440.001,258.6,5751.1,185.8,1.228,1.169,64.329,0.916
3442.0009999999997,258.6,5751.1,185.8,1.228,1.169,64.329,0.846
3446.0,258.6,5751.1,185.8,1.228,1.169,64.329,0.846
3448.0,258.6,5751.1,185.8,1.228,1.169,64.329,0.846
3452.009,258.6,5751.1,185.8,1.228,1.169,64.329,0.846
3454.0,258.6,5751.1,185.8,1.228,1.169,64.329,0.881
3456.0,258.6,5751.1,185.8,1.228,1.169,64.329,0.881
3458.0,258.6,5751.1,185.8,1.228,1.169,64.329,0.881
3460.0,258.6,5751.1,185.8,1.228,1.169,64.329,0.881
3462.0009999999997,258.6,5751.1,185.8,1.228,1.169,64.329,0.881
3464.0,258.6,5751.1,185.8,1.228,1.169,64.329,0.881
3466.0,258.6,5751.1,185.8,1.228,1.169,64.329,0.881
3468.0,258.6,5751.1,185.8,1.228,1.169,64.329,0.916
3470.0009999999997,258.6,5751.1,185.8,1.228,1.169,64.329,0.916
3472.0,258.6,5751.1,185.8,1.228,1.169,64.329,0.916
3474.0009999999997,258.6,5751.1,185.8,1.228,1.169,64.329,0.916
3478.0,258.6,5751.1,185.8,1.228,1.169,64.329,0.916
3480.0,258.6,5751.1,185.8,1.228,1.169,64.329,0.881
3482.003,258.6,5751.1,185.8,1.228,1.169,64.329,0.881
3484.0,258.6,5751.1,185.8,1.228,1.169,64.329,0.881
3486.0009999999997,258.6,5751.1,185.8,1.228,1.169,64.329,0.881
3488.0,258.6,5751.1,185.8,1.228,1.169,64.329,0.881
3490.0,258.6,5751.1,185.8,1.228,1.169,64.329,0.881
3492.0,258.6,5751.1,185.8,1.228,1.169,64.329,0.881
3494.0,258.6,5751.1,185.8,1.228,1.169,64.329,0.916
3496.0,258.6,5751.1,185.8,1.228,1.169,64.329,0.916
3500.0,258.6,5751.1,185.8,1.228,1.169,64.329,0.916
3502.0,258.6,5751.1,185.8,1.228,1.169,64.329,0.916
3506.0009999999997,258.6,5751.1,185.8,1.228,1.169,64.329,0.916
3507.999,258.6,5751.1,185.8,1.228,1.169,64.329,0.775
3510.0,258.6,5751.1,185.8,1.228,1.169,64.329,0.775
3512.0,258.6,5751.1,185.8,1.228,1.169,64.329,0.775
3514.0,258.6,5751.1,185.8,1.228,1.169,64.329,0.775
3516.0,258.6,5751.1,185.8,1.228,1.169,64.329,0.775
3520.0,258.6,5751.1,185.8,1.228,1.169,64.329,0.951
3524.0,258.6,5751.1,185.8,1.228,1.169,64.329,0.951
3525.9990000000003,258.6,5751.1,185.8,1.228,1.169,64.329,0.951
3528.0,258.6,5751.1,185.8,1.228,1.169,64.329,0.951
3530.0,258.6,5751.1,185.8,1.228,1.169,64.329,0.951
3532.0,258.6,5751.1,185.8,1.228,1.169,64.329,0.81
3534.0009999999997,258.6,5751.1,185.8,1.228,1.169,64.329,0.81
3536.007,258.6,5751.1,185.8,1.228,1.169,64.329,0.81
3538.0009999999997,258.6,5751.1,185.8,1.228,1.169,64.329,0.81
3540.0,258.6,5751.1,185.8,1.228,1.169,64.329,0.81
3542.0,258.6,5751.1,185.8,1.228,1.169,64.329,0.81
3546.0,258.6,5751.1,185.8,1.228,1.169,64.329,0.916
3547.999,258.6,5751.1,185.8,1.228,1.169,64.329,0.916
3549.9990000000003,258.6,5751.1,185.8,1.228,1.169,64.329,0.916
3552.001,258.6,5751.1,185.8,1.228,1.169,64.329,0.916
3553.9990000000003,258.6,5751.1,185.8,1.228,1.169,64.329,0.916
3556.001,258.6,5751.1,185.8,1.228,1.169,64.329,0.916
3558.0,258.6,5751.1,185.8,1.228,1.169,64.329,0.881
3560.0,258.6,5751.1,185.8,1.228,1.169,64.329,0.881
3562.0,258.6,5751.1,185.8,1.228,1.169,64.329,0.881
3564.0,258.6,5751.1,185.8,1.228,1.169,64.329,0.881
3568.0,258.6,5751.1,185.8,1.228,1.169,64.329,0.881
3569.9990000000003,258.6,5751.1,185.8,1.228,1.169,64.329,0.881
3571.999,258.6,5751.1,185.8,1.228,1.169,64.329,0.88
3574.0,258.6,5751.1,185.8,1.228,1.169,64.329,0.88
3576.0,258.6,5751.1,185.8,1.228,1.169,64.329,0.88
3578.001,258.6,5751.1,185.8,1.228,1.169,64.329,0.88
3580.0,258.6,5751.1,185.8,1.228,1.169,64.329,0.88
3582.011,258.6,5751.1,185.8,1.228,1.169,64.329,0.88
3584.0,258.6,5751.1,185.8,1.228,1.169,64.329,0.846
3588.0,258.6,5751.1,185.8,1.228,1.169,64.329,0.846
3591.999,258.6,5751.1,185.8,1.228,1.169,64.329,0.846
3594.006,258.6,5751.1,185.8,1.228,1.169,64.329,0.846
3598.004,258.6,5751.1,185.8,1.228,1.169,64.329,0.846
3600.002,258.6,5751.1,185.8,1.228,1.169,64.329,0.846
3602.001,258.6,5751.1,185.8,1.228,1.169,64.329,0.846
3604.01,258.6,5751.1,185.8,1.228,1.169,64.329,0.846
3606.002,258.6,5751.1,185.8,1.228,1.169,64.329,0.846
3608.0009999999997,258.6,5751.1,185.8,1.228,1.169,64.329,0.846
3610.0099999999998,258.6,5751.1,185.8,1.228,1.169,64.329,0.845
3612.0009999999997,258.6,5751.1,185.8,1.228,1.169,64.329,0.845
3616.005,258.6,5751.1,185.8,1.228,1.169,64.329,0.845
3618.001,258.6,5751.1,185.8,1.228,1.169,64.329,0.845
3620.0009999999997,258.6,5751.1,185.8,1.228,1.169,64.329,0.845
3622.001,258.6,5751.1,185.8,1.228,1.169,64.329,0.845
3624.0009999999997,258.6,5751.1,185.8,1.228,1.169,64.329,0.845
3626.001,258.6,5751.1,185.8,1.228,1.169,64.329,0.845
3628.0009999999997,258.6,5751.1,185.8,1.228,1.169,64.329,0.845
3630.004,258.6,5751.1,185.8,1.228,1.169,64.329,0.845
3632.004,258.6,5751.1,185.8,1.228,1.169,64.329,0.845
3634.002,258.6,5751.1,185.8,1.228,1.169,64.329,0.845
3636.002,258.6,5751.1,185.8,1.228,1.169,64.329,0.916
3638.001,258.6,5751.1,185.8,1.228,1.169,64.329,0.916
3640.002,258.6,5751.1,185.8,1.228,1.169,64.329,0.916
3642.001,258.6,5751.1,185.8,1.228,1.169,64.329,0.916
3646.004,258.6,5751.1,185.8,1.228,1.169,64.329,0.916
3648.004,258.6,5751.1,185.8,1.228,1.169,64.329,0.916
3650.004,258.6,5751.1,185.8,1.228,1.169,64.329,0.916
3652.004,258.6,5751.1,185.8,1.228,1.169,64.329,0.916
3656.004,258.6,5751.1,185.8,1.228,1.169,64.329,0.916
3658.004,258.6,5751.1,185.8,1.228,1.169,64.329,0.916
3660.004,258.6,5751.1,185.8,1.228,1.169,64.329,0.916
3662.004,258.6,5751.1,185.8,1.228,1.169,64.329,0.845
3664.0069999999996,258.6,5751.1,185.8,1.228,1.169,64.329,0.845
3666.006,258.6,5751.1,185.8,1.228,1.169,64.329,0.845
3668.0060000000003,258.6,5751.1,185.8,1.228,1.169,64.329,0.845
3670.004,258.6,5751.1,185.8,1.228,1.169,64.329,0.845
3672.005,258.6,5751.1,185.8,1.228,1.169,64.329,0.845
3674.004,258.6,5751.1,185.8,1.228,1.169,64.329,0.845
3676.004,258.6,5751.1,185.8,1.228,1.169,64.329,0.881
3678.005,258.6,5751.1,185.8,1.228,1.169,64.329,0.881
3680.004,258.6,5751.1,185.8,1.228,1.169,64.329,0.881
3684.004,258.6,5751.1,185.8,1.228,1.169,64.329,0.881
3686.004,258.6,5751.1,185.8,1.228,1.169,64.329,0.881
3688.004,258.6,5751.1,185.8,1.228,1.169,64.329,0.881
3690.004,258.6,5751.1,185.8,1.228,1.169,64.329,0.846
3692.004,258.6,5751.1,185.8,1.228,1.169,64.329,0.846
3694.004,258.6,5751.1,185.8,1.228,1.169,64.329,0.846
3696.0130000000004,258.6,5751.1,185.8,1.228,1.169,64.329,0.846
3698.0119999999997,258.6,5751.1,185.8,1.228,1.169,64.329,0.846
3700.004,258.6,5751.1,185.8,1.228,1.169,64.329,0.846
3702.004,258.6,5751.1,185.8,1.228,1.169,64.329,0.916
3704.004,258.6,5751.1,185.8,1.228,1.169,64.329,0.916
3706.004,258.6,5751.1,185.8,1.228,1.169,64.329,0.916
3708.004,258.6,5751.1,185.8,1.228,1.169,64.329,0.916
3710.004,258.6,5751.1,185.8,1.228,1.169,64.329,0.916
3712.004,258.6,5751.1,185.8,1.228,1.169,64.329,0.916
3714.004,258.6,5751.1,185.8,1.228,1.169,64.329,0.916
3716.004,258.6,5751.1,185.8,1.228,1.169,64.329,0.81
3718.004,258.6,5751.1,185.8,1.228,1.169,64.329,0.81
3720.004,258.6,5751.1,185.8,1.228,1.169,64.329,0.81
3722.004,258.6,5751.1,185.8,1.228,1.169,64.329,0.81
3726.0049999999997,258.6,5751.1,185.8,1.228,1.169,64.329,0.81
3730.004,258.6,5751.1,185.8,1.228,1.169,64.329,0.846
3732.004,258.6,5751.1,185.8,1.228,1.169,64.329,0.846
3734.004,258.6,5751.1,185.8,1.228,1.169,64.329,0.846
3736.004,258.6,5751.1,185.8,1.228,1.169,64.329,0.846
3738.004,258.6,5751.1,185.8,1.228,1.169,64.329,0.846
3740.004,258.6,5751.1,185.8,1.228,1.169,64.329,0.846
3742.004,258.6,5751.1,185.8,1.228,1.169,64.329,0.951
3744.004,258.6,5751.1,185.8,1.228,1.169,64.329,0.951
3746.004,258.6,5751.1,185.8,1.228,1.169,64.329,0.951
3750.002,258.6,5751.1,185.8,1.228,1.169,64.329,0.951
3754.004,258.6,5751.1,185.8,1.228,1.169,64.329,0.845
3756.004,258.6,5751.1,185.8,1.228,1.169,64.329,0.845
3758.004,258.6,5751.1,185.8,1.228,1.169,64.329,0.845
3760.004,258.6,5751.1,185.8,1.228,1.169,64.329,0.845
3762.002,258.6,5751.1,185.8,1.228,1.169,64.329,0.845
3764.002,258.6,5751.1,185.8,1.228,1.169,64.329,0.845
3766.004,258.6,5751.1,185.8,1.228,1.169,64.329,0.845
3770.004,258.6,5751.1,185.8,1.228,1.169,64.329,0.881
3772.004,258.6,5751.1,185.8,1.228,1.169,64.329,0.881
3774.0040000000004,258.6,5751.1,185.8,1.228,1.169,64.329,0.881
3778.0040000000004,258.6,5751.1,185.8,1.228,1.169,64.329,0.881
3780.004,258.6,5751.1,185.8,1.228,1.169,64.329,0.916
3782.003,258.6,5751.1,185.8,1.228,1.169,64.329,0.916
3784.0029999999997,258.6,5751.1,185.8,1.228,1.169,64.329,0.916
3786.002,258.6,5751.1,185.8,1.228,1.169,64.329,0.916
3788.0080000000003,258.6,5751.1,185.8,1.228,1.169,64.329,0.916
3790.007,258.6,5751.1,185.8,1.228,1.169,64.329,0.916
3792.0029999999997,258.6,5751.1,185.8,1.228,1.169,64.329,0.74
3794.0040000000004,258.6,5751.1,185.8,1.228,1.169,64.329,0.74
3798.008,258.6,5751.1,185.8,1.228,1.169,64.329,0.74
3802.001,258.6,5751.1,185.8,1.228,1.169,64.329,0.74
3804.0,258.6,5751.1,185.8,1.228,1.169,64.329,0.74
3806.001,258.6,5751.1,185.8,1.228,1.169,64.329,0.951
3808.0009999999997,258.6,5751.1,185.8,1.228,1.169,64.329,0.951
3810.001,258.6,5751.1,185.8,1.228,1.169,64.329,0.951
3812.0,258.6,5751.1,185.8,1.228,1.169,64.329,0.951
3814.0,258.6,5751.1,185.8,1.228,1.169,64.329,0.951
3816.0099999999998,258.6,5751.1,185.8,1.228,1.169,64.329,0.951
3820.0,258.6,5751.1,185.8,1.228,1.169,64.329,0.951
3823.9990000000003,258.6,5751.1,185.8,1.228,1.169,64.329,0.951
3825.999,258.6,5751.1,185.8,1.228,1.169,64.329,0.951
3830.001,258.6,5751.1,185.8,1.228,1.169,64.329,0.951
3834.0,258.6,5751.1,185.8,1.228,1.169,64.329,0.951
3838.0,258.6,5751.1,185.8,1.228,1.169,64.329,0.951
3839.9990000000003,258.6,5751.1,185.8,1.228,1.169,64.329,0.951
3842.0,258.6,5751.1,185.8,1.228,1.169,64.329,0.951
3843.9990000000003,258.6,5751.1,185.8,1.228,1.169,64.329,0.916
3848.0,258.6,5751.1,185.8,1.228,1.169,64.329,0.916
3850.0,258.6,5751.1,185.8,1.228,1.169,64.329,0.916
3852.0,258.6,5751.1,185.8,1.228,1.169,64.329,0.916
3854.0009999999997,258.6,5751.1,185.8,1.228,1.169,64.329,0.916
3856.001,258.6,5751.1,185.8,1.228,1.169,64.329,0.951
3858.0,258.6,5751.1,185.8,1.228,1.169,64.329,0.951
3859.9990000000003,258.6,5751.1,185.8,1.228,1.169,64.329,0.951
3861.999,258.6,5751.1,185.8,1.228,1.169,64.329,0.951
3864.0,258.6,5751.1,185.8,1.228,1.169,64.329,0.951
3866.0,258.6,5751.1,185.8,1.228,1.169,64.329,0.951
3870.0,258.6,5751.1,185.8,1.228,1.169,64.329,0.81
3873.999,258.6,5751.1,185.8,1.228,1.169,64.329,0.81
3876.001,258.6,5751.1,185.8,1.228,1.169,64.329,0.81
3877.999,258.6,5751.1,185.8,1.228,1.169,64.329,0.81
3880.0,258.6,5751.1,185.8,1.228,1.169,64.329,0.81
3881.999,258.6,5751.1,185.8,1.228,1.169,64.329,0.845
3884.0,258.6,5751.1,185.8,1.228,1.169,64.329,0.845
3886.0,258.6,5751.1,185.8,1.228,1.169,64.329,0.845
3888.006,258.6,5751.1,185.8,1.228,1.169,64.329,0.845
3891.9990000000003,258.6,5751.1,185.8,1.228,1.169,64.329,0.845
3893.999,258.6,5751.1,185.8,1.228,1.169,64.329,0.845
3896.001,258.6,5751.1,185.8,1.228,1.169,64.329,0.845
3898.002,258.6,5751.1,185.8,1.228,1.169,64.329,0.845
3900.0029999999997,258.6,5751.1,185.8,1.228,1.169,64.329,0.845
3902.002,258.6,5751.1,185.8,1.228,1.169,64.329,0.845
3904.001,258.6,5751.1,185.8,1.228,1.169,64.329,0.845
3906.0009999999997,258.6,5751.1,185.8,1.228,1.169,64.329,0.845
3910.0009999999997,258.6,5751.1,185.8,1.228,1.169,64.329,0.951
3912.005,258.6,5751.1,185.8,1.228,1.169,64.329,0.951
3916.0029999999997,258.6,5751.1,185.8,1.228,1.169,64.329,0.951
3920.001,258.6,5751.1,185.8,1.228,1.169,64.329,0.881
3922.0009999999997,258.6,5751.1,185.8,1.228,1.169,64.329,0.881
3924.0020000000004,258.6,5751.1,185.8,1.228,1.169,64.329,0.881
3926.0009999999997,258.6,5751.1,185.8,1.228,1.169,64.329,0.881
3928.011,258.6,5751.1,185.8,1.228,1.169,64.329,0.881
3930.002,258.6,5751.1,185.8,1.228,1.169,64.329,0.881
3932.01,258.6,5751.1,185.8,1.228,1.169,64.329,0.881
3936.001,258.6,5751.1,185.8,1.228,1.169,64.329,0.881
3940.001,258.6,5751.1,185.8,1.228,1.169,64.329,0.881
3942.0009999999997,258.6,5751.1,185.8,1.228,1.169,64.329,0.881
3946.0009999999997,258.6,5751.1,185.8,1.228,1.169,64.329,0.916
3948.004,258.6,5751.1,185.8,1.228,1.169,64.329,0.916
3950.0069999999996,258.6,5751.1,185.8,1.228,1.169,64.329,0.916
3952.004,258.6,5751.1,185.8,1.228,1.169,64.329,0.916
3954.0009999999997,258.6,5751.1,185.8,1.228,1.169,64.329,0.916
3956.004,258.6,5751.1,185.8,1.228,1.169,64.329,0.916
3960.004,258.6,5751.1,185.8,1.228,1.169,64.329,0.881
3964.0,258.6,5751.1,185.8,1.228,1.169,64.329,0.881
3966.0009999999997,258.6,5751.1,185.8,1.228,1.169,64.329,0.881
3968.0,258.6,5751.1,185.8,1.228,1.169,64.329,0.881
3970.0,258.6,5751.1,185.8,1.228,1.169,64.329,0.881
3972.0,258.6,5751.1,185.8,1.228,1.169,64.329,0.881
3974.0,258.6,5751.1,185.8,1.228,1.169,64.329,0.881
3976.0,258.6,5751.1,185.8,1.228,1.169,64.329,0.881
3980.0,258.6,5751.1,185.8,1.228,1.169,64.329,0.881
3982.0,258.6,5751.1,185.8,1.228,1.169,64.329,0.845
3986.008,258.6,5751.1,185.8,1.228,1.169,64.329,0.845
3988.0,258.6,5751.1,185.8,1.228,1.169,64.329,0.845
3990.0,258.6,5751.1,185.8,1.228,1.169,64.329,0.845
3992.0,258.6,5751.1,185.8,1.228,1.169,64.329,0.845
3994.004,258.6,5751.1,185.8,1.228,1.169,64.329,0.881
3996.004,258.6,5751.1,185.8,1.228,1.169,64.329,0.881
4000.0030000000006,258.6,5751.1,185.8,1.228,1.169,64.329,0.881
4002.003,258.6,5751.1,185.8,1.228,1.169,64.329,0.881
4006.0019999999995,258.6,5751.1,185.8,1.228,1.169,64.329,0.881
4008.0020000000004,258.6,5751.1,185.8,1.228,1.169,64.329,0.916
4010.003,258.6,5751.1,185.8,1.228,1.169,64.329,0.916
4012.003,258.6,5751.1,185.8,1.228,1.169,64.329,0.916
4014.0029999999997,258.6,5751.1,185.8,1.228,1.169,64.329,0.916
4016.004,258.6,5751.1,185.8,1.228,1.169,64.329,0.916
4018.003,258.6,5751.1,185.8,1.228,1.169,64.329,0.916
4020.003,258.6,5751.1,185.8,1.228,1.169,64.329,0.845
4022.0029999999997,258.6,5751.1,185.8,1.228,1.169,64.329,0.845
4024.0020000000004,258.6,5751.1,185.8,1.228,1.169,64.329,0.845
4026.003,258.6,5751.1,185.8,1.228,1.169,64.329,0.845
4028.002,258.6,5751.1,185.8,1.228,1.169,64.329,0.845
4030.0019999999995,258.6,5751.1,185.8,1.228,1.169,64.329,0.845
4034.002,258.6,5751.1,185.8,1.228,1.169,64.329,0.881
4038.001,258.6,5751.1,185.8,1.228,1.169,64.329,0.881
4040.0020000000004,258.6,5751.1,185.8,1.228,1.169,64.329,0.881
4042.003,258.6,5751.1,185.8,1.228,1.169,64.329,0.881
4044.003,258.6,5751.1,185.8,1.228,1.169,64.329,0.881
4046.0029999999997,258.6,5751.1,185.8,1.228,1.169,64.329,0.951
4048.0020000000004,258.6,5751.1,185.8,1.228,1.169,64.329,0.951
4050.0080000000003,258.6,5751.1,185.8,1.228,1.169,64.329,0.951
4052.0060000000003,258.6,5751.1,185.8,1.228,1.169,64.329,0.951
4054.0089999999996,258.6,5751.1,185.8,1.228,1.169,64.329,0.951
4058.009,258.6,5751.1,185.8,1.228,1.169,64.329,0.951
4060.008,258.6,5751.1,185.8,1.228,1.169,64.329,0.881
4062.0019999999995,258.6,5751.1,185.8,1.228,1.169,64.329,0.881
4064.004,258.6,5751.1,185.8,1.228,1.169,64.329,0.881
4066.0049999999997,258.6,5751.1,185.8,1.228,1.169,64.329,0.881
4068.008,258.6,5751.1,185.8,1.228,1.169,64.329,0.881
4070.0060000000003,258.6,5751.1,185.8,1.228,1.169,64.329,0.881
4072.006,258.6,5751.1,185.8,1.228,1.169,64.329,0.916
4074.0049999999997,258.6,5751.1,185.8,1.228,1.169,64.329,0.916
4076.0040000000004,258.6,5751.1,185.8,1.228,1.169,64.329,0.916
4078.005,258.6,5751.1,185.8,1.228,1.169,64.329,0.916
4082.0040000000004,258.6,5751.1,185.8,1.228,1.169,64.329,0.916
4084.0040000000004,258.6,5751.1,185.8,1.228,1.169,64.329,0.986
4086.005,258.6,5751.1,185.8,1.228,1.169,64.329,0.986
4088.004,258.6,5751.1,185.8,1.228,1.169,64.329,0.986
4090.0040000000004,258.6,5751.1,185.8,1.228,1.169,64.329,0.986
4092.0040000000004,258.6,5751.1,185.8,1.228,1.169,64.329,0.986
4094.004,258.6,5751.1,185.8,1.228,1.169,64.329,0.986
4098.004000000001,258.6,5751.1,185.8,1.228,1.169,64.329,0.845
4100.004,258.6,5751.1,185.8,1.228,1.169,64.329,0.845
4104.004,258.6,5751.1,185.8,1.228,1.169,64.329,0.845
4108.004,258.6,5751.1,185.8,1.228,1.169,64.329,0.881
4112.004,258.6,5751.1,185.8,1.228,1.169,64.329,0.881
4114.004000000001,258.6,5751.1,185.8,1.228,1.169,64.329,0.881
4116.004,258.6,5751.1,185.8,1.228,1.169,64.329,0.881
4118.004,258.6,5751.1,185.8,1.228,1.169,64.329,0.881
4120.004,258.6,5751.1,185.8,1.228,1.169,64.329,0.881
4122.004,258.6,5751.1,185.8,1.228,1.169,64.329,0.845
4124.004,258.6,5751.1,185.8,1.228,1.169,64.329,0.845
4126.004,258.6,5751.1,185.8,1.228,1.169,64.329,0.845
4130.004,258.6,5751.1,185.8,1.228,1.169,64.329,0.845
4132.004,258.6,5751.1,185.8,1.228,1.169,64.329,0.845
4134.004,258.6,5751.1,185.8,1.228,1.169,64.329,0.846
4136.004,258.6,5751.1,185.8,1.228,1.169,64.329,0.846
4138.004,258.6,5751.1,185.8,1.228,1.169,64.329,0.846
4140.004,258.6,5751.1,185.8,1.228,1.169,64.329,0.846
4144.003,258.6,5751.1,185.8,1.228,1.169,64.329,0.846
4146.004,258.6,5751.1,185.8,1.228,1.169,64.329,0.881
4148.004,258.6,5751.1,185.8,1.228,1.169,64.329,0.881
4150.006,258.6,5751.1,185.8,1.228,1.169,64.329,0.881
4154.004,258.6,5751.1,185.8,1.228,1.169,64.329,0.881
4156.004,258.6,5751.1,185.8,1.228,1.169,64.329,0.881
4158.004,258.6,5751.1,185.8,1.228,1.169,64.329,0.881
4160.004,258.6,5751.1,185.8,1.228,1.169,64.329,0.916
4162.004,258.6,5751.1,185.8,1.228,1.169,64.329,0.916
4164.004,258.6,5751.1,185.8,1.228,1.169,64.329,0.916
4166.004,258.6,5751.1,185.8,1.228,1.169,64.329,0.916
4168.004,258.6,5751.1,185.8,1.228,1.169,64.329,0.916
4172.004,258.6,5751.1,185.8,1.228,1.169,64.329,0.916
4174.004,258.6,5751.1,185.8,1.228,1.169,64.329,0.88
4178.004,258.6,5751.1,185.8,1.228,1.169,64.329,0.88
4182.004,258.6,5751.1,185.8,1.228,1.169,64.329,0.88
4184.005,258.6,5751.1,185.8,1.228,1.169,64.329,0.88
4186.004,258.6,5751.1,185.8,1.228,1.169,64.329,0.88
4188.004,258.6,5751.1,185.8,1.228,1.169,64.329,0.88
4190.004,258.6,5751.1,185.8,1.228,1.169,64.329,0.88
4192.004,258.6,5751.1,185.8,1.228,1.169,64.329,0.88
4194.004,258.6,5751.1,185.8,1.228,1.169,64.329,0.88
4198.004,258.6,5751.1,185.8,1.228,1.169,64.329,0.88
4202.004,258.6,5751.1,185.8,1.228,1.169,64.329,0.845
4204.004,258.6,5751.1,185.8,1.228,1.169,64.329,0.845
4206.004,258.6,5751.1,185.8,1.228,1.169,64.329,0.845
4208.004,258.6,5751.1,185.8,1.228,1.169,64.329,0.845
4210.004,258.6,5751.1,185.8,1.228,1.169,64.329,0.845
4212.004,258.6,5751.1,185.8,1.228,1.169,64.329,0.881
4214.003,258.6,5751.1,185.8,1.228,1.169,64.329,0.881
4216.003,258.6,5751.1,185.8,1.228,1.169,64.329,0.881
4218.004,258.6,5751.1,185.8,1.228,1.169,64.329,0.881
4222.007,258.6,5751.1,185.8,1.228,1.169,64.329,0.881
4226.0070000000005,258.6,5751.1,185.8,1.228,1.169,64.329,0.951
4230.004,258.6,5751.1,185.8,1.228,1.169,64.329,0.951
4232.004,258.6,5751.1,185.8,1.228,1.169,64.329,0.951
4234.002,258.6,5751.1,185.8,1.228,1.169,64.329,0.951
4236.002,258.6,5751.1,185.8,1.228,1.169,64.329,0.951
4238.0019999999995,258.6,5751.1,185.8,1.228,1.169,64.329,0.74
4240.0070000000005,258.6,5751.1,185.8,1.228,1.169,64.329,0.74
4242.003000000001,258.6,5751.1,185.8,1.228,1.169,64.329,0.74
4244.007,258.6,5751.1,185.8,1.228,1.169,64.329,0.74
4246.005,258.6,5751.1,185.8,1.228,1.169,64.329,0.74
4250.003000000001,258.6,5751.1,185.8,1.228,1.169,64.329,0.74
4252.004999999999,258.6,5751.1,185.8,1.228,1.169,64.329,0.881
4254.003,258.6,5751.1,185.8,1.228,1.169,64.329,0.881
4256.003,258.6,5751.1,185.8,1.228,1.169,64.329,0.881
4258.009,258.6,5751.1,185.8,1.228,1.169,64.329,0.881
4260.007,258.6,5751.1,185.8,1.228,1.169,64.329,0.881
